treatment,Y0,Y1,observed_outcome
1,-1.5981243518837476,0.19703235180150375,0.19703235180150375
1,0.46217266608194285,2.8183337458720237,2.8183337458720237
0,2.0243096232868525,5.165135541556273,2.0243096232868525
1,-1.3631740045928105,0.3280051569403412,0.3280051569403412
0,0.18970616761039566,1.4221860438442158,0.18970616761039566
1,-0.6619821777966091,0.3980128052495091,0.3980128052495091
1,0.42588720619303577,2.7822432206237018,2.7822432206237018
1,0.01914777741575206,1.0775726733864601,1.0775726733864601
0,-0.6414869090443096,1.172353564486729,-0.6414869090443096
0,0.487872284871074,2.7065288783905546,0.487872284871074
1,1.804348109786743,3.8969358782017003,3.8969358782017003
0,-0.19090379172729868,2.0218186403647875,-0.19090379172729868
0,0.7197579421481819,2.830902870048609,0.7197579421481819
0,-1.2932729578711637,1.346159948785533,-1.2932729578711637
1,-0.9564363768180087,0.5674054328125926,0.5674054328125926
1,0.47240627788037737,2.1339087086511115,2.1339087086511115
0,1.484116028535965,3.097786305900553,1.484116028535965
0,0.35561334878566,2.770709254716965,0.35561334878566
0,-0.31305803052315434,2.1371412636743776,-0.31305803052315434
1,-0.0007085945766459172,2.224904065082608,2.224904065082608
1,-1.2504077339697175,1.3413390994752463,1.3413390994752463
0,0.6045153263553668,2.0154948926671765,0.6045153263553668
0,0.8823330623234091,3.7159451180989773,0.8823330623234091
0,-0.45209033283308037,2.3095289780230486,-0.45209033283308037
1,-0.4700421477595015,1.8977688508633719,1.8977688508633719
1,0.2658782296520485,3.1567776840375785,3.1567776840375785
0,-0.4367197360405955,0.7349686601205176,-0.4367197360405955
0,-0.06613261462582246,1.6716433172428515,-0.06613261462582246
0,2.0997217891665154,3.7320700588255398,2.0997217891665154
1,-0.24702570074599667,2.113713961132675,2.113713961132675
0,-0.3583401520212223,1.1165894781777048,-0.3583401520212223
1,-0.6475418056351594,1.7312057690335834,1.7312057690335834
1,0.7441919714999368,3.4294600434982936,3.4294600434982936
0,-0.181224173218103,2.1663772768238965,-0.181224173218103
0,-0.649373038321426,1.4925024735093246,-0.649373038321426
0,1.321304032273012,2.827367361822638,1.321304032273012
1,1.4196030045136372,2.9961775214509547,2.9961775214509547
1,-0.6004235657387051,2.024385886909628,2.024385886909628
1,-1.8665399513606162,0.5231345505920499,0.5231345505920499
1,1.0075136898369221,2.98800393014815,2.98800393014815
0,-0.684629825760004,1.1064154013570506,-0.684629825760004
1,0.7906255991627686,1.7777216626070802,1.7777216626070802
1,-1.9701038177118357,-0.5055300270540551,-0.5055300270540551
0,0.8925973382993093,3.848306881869171,0.8925973382993093
1,-1.2111719292807812,0.1486002852179854,0.1486002852179854
1,0.7307641190665245,2.825504029677065,2.825504029677065
1,0.014273067836434108,2.5179950544340333,2.5179950544340333
1,-0.953939419396645,0.4185992466022087,0.4185992466022087
1,-0.4070363129267805,1.6853189244637612,1.6853189244637612
1,0.6863184569567008,3.1552762257120284,3.1552762257120284
0,0.10589445311523427,2.1121441140688595,0.10589445311523427
0,0.5844129804724844,4.018614508305869,0.5844129804724844
1,1.9764405845154855,3.142140955076388,3.142140955076388
0,-1.5642416117110514,0.9651226532308881,-1.5642416117110514
0,1.617212574968624,3.530811706270392,1.617212574968624
0,0.10435593752321293,2.49031601494155,0.10435593752321293
0,-0.8987840483231282,1.3218695275264947,-0.8987840483231282
1,-1.3303136257389898,0.3031082757060119,0.3031082757060119
1,-0.1891203907770335,1.9253778054526365,1.9253778054526365
0,0.9216501119244593,1.992699386225316,0.9216501119244593
0,-0.12754912037753421,2.1740746299081626,-0.12754912037753421
0,1.5111549302473475,3.6602341632426105,1.5111549302473475
1,-1.4511756900515589,0.8681543942699923,0.8681543942699923
1,-0.01208894784605456,2.5169702146975204,2.5169702146975204
0,-1.252393444413119,0.9314164756917364,-1.252393444413119
1,0.3636318826249679,2.437676592524106,2.437676592524106
1,0.8868873900973003,2.446353221766654,2.446353221766654
1,-0.42076179368105326,1.2231278244944213,1.2231278244944213
1,-2.6042138566271342,-0.010846546538468727,-0.010846546538468727
0,0.19894814679649453,2.917115849649484,0.19894814679649453
1,0.4367385517335093,2.3176833335774822,2.3176833335774822
0,0.4042947549616974,2.4272961285883343,0.4042947549616974
1,1.235782191822154,2.783475004325271,2.783475004325271
1,-1.0710536796490489,1.5153247429846735,1.5153247429846735
1,0.6802161054504494,3.0129245172963386,3.0129245172963386
1,1.192507512477975,4.163116230709849,4.163116230709849
0,-1.7785875840065168,-0.2177491225963863,-1.7785875840065168
1,0.31965182591897723,2.1306478764098684,2.1306478764098684
1,-0.5041798310076715,1.6115431302551146,1.6115431302551146
1,-0.08152267310164589,2.241722095761239,2.241722095761239
0,0.34767648353833636,2.23984266476452,0.34767648353833636
0,-0.4872285641135523,1.0762908906595974,-0.4872285641135523
0,-0.6757080791616118,1.7649956853001738,-0.6757080791616118
1,0.0341524174880246,2.3947200987608155,2.3947200987608155
1,-1.0872459388628024,0.4546170108553351,0.4546170108553351
0,-1.0858251288851855,1.5918962716675624,-1.0858251288851855
1,0.6793732829565033,3.2644726375548054,3.2644726375548054
1,-1.148794035158656,0.9183542134652404,0.9183542134652404
1,0.6663125009092119,2.70611143209723,2.70611143209723
1,0.4625912928539512,2.7396201784119047,2.7396201784119047
1,-1.7258067287905967,-0.15665826391872578,-0.15665826391872578
1,-0.6775646523356551,1.337451087246386,1.337451087246386
0,1.1941094030473725,2.1179176307427823,1.1941094030473725
1,-0.9811655311396816,1.4570622916117861,1.4570622916117861
1,-0.46440426230938764,0.7548491264696827,0.7548491264696827
1,0.4620608932518965,3.213770807466396,3.213770807466396
1,0.7833905092825955,2.61833046229937,2.61833046229937
1,-0.2515388860444957,1.642627622989916,1.642627622989916
0,-0.5975101946916416,1.0886228522661054,-0.5975101946916416
0,1.4223698616985077,3.2783504247374697,1.4223698616985077
0,1.7388996637975789,4.448165336371597,1.7388996637975789
0,0.9788580507817954,1.7349537225142557,0.9788580507817954
1,0.08531814256502405,2.723800835609118,2.723800835609118
1,-0.8082657216409264,1.3607460189099276,1.3607460189099276
0,-0.8304444065565653,0.566044769514827,-0.8304444065565653
0,0.5225141052657575,1.9848579087411387,0.5225141052657575
1,0.4183982208886837,3.256594734492785,3.256594734492785
0,1.4015985929464294,2.928845152975064,1.4015985929464294
1,0.6504500925361393,2.0737748372381595,2.0737748372381595
1,-1.5030803017598182,1.0655769694225468,1.0655769694225468
1,1.0519476177229186,3.2212240558658753,3.2212240558658753
0,-0.9980606273144129,0.5329765844173875,-0.9980606273144129
0,-0.3839712719523516,1.7243412157499578,-0.3839712719523516
1,0.2502002062516945,1.7373238644315556,1.7373238644315556
1,1.9956674897839644,4.546078188995267,4.546078188995267
0,3.109918556005361,5.6406040384419285,3.109918556005361
1,0.6067230591361827,2.872726158547154,2.872726158547154
0,-0.18319661872038787,1.9976339119031203,-0.18319661872038787
1,0.5345056484805503,3.4150997109142374,3.4150997109142374
0,0.8876554258738361,2.887498589567949,0.8876554258738361
1,-0.3206676255571917,1.0883953117324077,1.0883953117324077
0,1.7952113559123222,4.019948312328475,1.7952113559123222
0,0.23007075919140207,3.273094283959959,0.23007075919140207
0,0.49774308909139425,1.9903633424984681,0.49774308909139425
0,0.6659242520544614,2.4851928687074683,0.6659242520544614
1,0.4215866106144557,2.6298096296651816,2.6298096296651816
1,0.8389405004696124,2.811988075966743,2.811988075966743
0,-0.6172531865469234,0.891595023264419,-0.6172531865469234
0,-0.5583017539460305,2.0026271741692048,-0.5583017539460305
1,-1.100154232971695,2.059866128036935,2.059866128036935
1,0.4395012306202264,2.53756696013218,2.53756696013218
1,0.7789365035121141,2.326902358644114,2.326902358644114
0,0.4577728661518858,1.683292603625148,0.4577728661518858
0,1.6744924333475373,3.8034804239581277,1.6744924333475373
1,-0.005596018829046555,2.5463426528290825,2.5463426528290825
0,0.6687416555925126,2.9063255288402035,0.6687416555925126
1,-1.0917008761393143,0.9070972034012588,0.9070972034012588
0,-0.387099702474401,1.318264471630946,-0.387099702474401
1,0.6955377575657775,2.1494559412067327,2.1494559412067327
0,0.849102110743144,3.266477773905585,0.849102110743144
1,-0.29396694766418224,2.1629188630286107,2.1629188630286107
0,-0.07159925185806683,1.1555358547965666,-0.07159925185806683
1,-1.5178737466808094,1.2770457424095325,1.2770457424095325
0,-0.3570292008066094,1.9300064096403913,-0.3570292008066094
1,0.8903831635197862,3.5901804860926827,3.5901804860926827
1,0.5752050161065663,1.9041411418640086,1.9041411418640086
1,0.5006657213812097,1.8177536436734902,1.8177536436734902
1,0.04977368718096008,1.9752890322973118,1.9752890322973118
1,0.007063158628176452,2.2584553720757734,2.2584553720757734
1,-0.6603211394734471,2.2378592719900348,2.2378592719900348
0,0.6988284202025348,3.0518678771101007,0.6988284202025348
1,0.4209729443893898,2.299632305983373,2.299632305983373
0,0.49201884799279927,1.9788342441598532,0.49201884799279927
0,-0.5260348426675804,2.0889654436919947,-0.5260348426675804
0,-2.1533429198712444,-0.6356956327466019,-2.1533429198712444
0,1.0971527117536957,3.9113869891398565,1.0971527117536957
1,-0.47883745600840416,1.3789702191883413,1.3789702191883413
1,-0.8627757640431206,1.9325152722658046,1.9325152722658046
1,0.6934789119139937,3.032944556943633,3.032944556943633
1,-0.3920126399191296,1.5394896153596414,1.5394896153596414
0,1.0599363840466218,2.8002381981335582,1.0599363840466218
0,0.6170059495766975,2.4465520109036576,0.6170059495766975
0,0.6835693232004776,2.8977276693880962,0.6835693232004776
0,-1.3659557112005343,0.6726225369083241,-1.3659557112005343
0,1.2119439853864005,2.9150382813520483,1.2119439853864005
0,0.26125053123385605,2.1784348260750397,0.26125053123385605
1,-0.36927713924620315,1.6700113756133719,1.6700113756133719
1,0.14338846734225108,1.079021420134845,1.079021420134845
1,-1.77623523289832,0.45284882449602937,0.45284882449602937
1,0.40865281148067084,1.9187921991222674,1.9187921991222674
1,-1.0293715081820716,0.3939622902150559,0.3939622902150559
0,-1.3526702858435344,-0.1963424593988896,-1.3526702858435344
1,-1.5223591862178911,-0.41930543515183627,-0.41930543515183627
1,1.1126883749899252,2.4349646234337805,2.4349646234337805
0,-0.6292633936927887,1.016226127491966,-0.6292633936927887
0,1.5337277099164992,4.510357278679783,1.5337277099164992
1,-0.5358014630522978,1.2012586990001002,1.2012586990001002
0,-1.7073579575929467,0.38151709554106894,-1.7073579575929467
1,-1.1165244399486591,1.0837162533045053,1.0837162533045053
1,1.2358116200069387,3.301344213114863,3.301344213114863
0,-0.15589817793666752,1.8053800917003358,-0.15589817793666752
0,-0.5482872964906009,0.8540658217097767,-0.5482872964906009
0,0.1600182258527877,2.8854819999923933,0.1600182258527877
0,0.501782736167545,3.405381057986488,0.501782736167545
0,1.1173988159024606,2.276069468841118,1.1173988159024606
1,1.448499229892926,2.9364849344497364,2.9364849344497364
0,-0.3597686457890858,1.500326183022411,-0.3597686457890858
1,-1.3260476860820385,0.1916834164628658,0.1916834164628658
0,-0.413465161123276,1.8395176156046567,-0.413465161123276
1,0.26028050658288615,1.8961444053795797,1.8961444053795797
0,-0.9637589262106109,2.1187691076926907,-0.9637589262106109
0,-0.9571509148950429,1.6381233822767554,-0.9571509148950429
1,0.34378788154988543,2.450074896865993,2.450074896865993
1,-0.04865235157045115,2.464840780089415,2.464840780089415
0,0.03279699541158651,2.5857472075902406,0.03279699541158651
1,-0.7584953347000695,0.959530921270809,0.959530921270809
0,-0.23040071420576733,1.3614906635232502,-0.23040071420576733
0,-0.9242331442683044,1.1148383872165193,-0.9242331442683044
0,0.8901984111247868,3.321016473373759,0.8901984111247868
0,1.0352493347237526,3.1047795340504614,1.0352493347237526
1,-1.8461878622380938,-0.6346861033335924,-0.6346861033335924
0,-0.92951086019241,0.6690769178321688,-0.92951086019241
0,-1.496529255090079,0.4664843131127319,-1.496529255090079
1,-0.6500239344068982,1.3121432634301868,1.3121432634301868
1,-0.08343796979036086,2.9028331186045433,2.9028331186045433
0,-1.44964521969853,-0.14263919089802912,-1.44964521969853
1,-0.921859813125313,1.3309348077926244,1.3309348077926244
0,-1.0039573720814983,1.7405991820826465,-1.0039573720814983
1,0.20726732939894396,3.342992202110342,3.342992202110342
1,0.06934433703625043,1.86714562544427,1.86714562544427
1,-0.7217375533372533,1.5239771730228464,1.5239771730228464
0,0.17682087213939798,2.4617010507387214,0.17682087213939798
0,-0.5466800845872654,1.55106078118938,-0.5466800845872654
0,-0.2716551103260533,1.6789222890542939,-0.2716551103260533
0,1.673452090298537,3.8914397850485596,1.673452090298537
0,1.340461051790348,2.0743380091805053,1.340461051790348
1,-1.2995812369275976,1.041453508103718,1.041453508103718
0,0.8297324178791745,2.892821369710158,0.8297324178791745
0,0.8113965544915921,2.7001591061024595,0.8113965544915921
1,-1.1482632887526183,1.8751678091071606,1.8751678091071606
0,0.8187776437548606,2.4813106343595845,0.8187776437548606
1,1.5379319184125528,3.336393923880037,3.336393923880037
0,-1.1225448062444139,1.873231844857953,-1.1225448062444139
0,-0.9175028210142636,0.6664665265608082,-0.9175028210142636
0,1.0176614668435024,2.742603825375233,1.0176614668435024
0,0.271495310825648,2.1979825991102233,0.271495310825648
1,0.5514762752395233,2.9718435163042978,2.9718435163042978
0,0.3405892164004968,2.4444904700771533,0.3405892164004968
1,0.39069592092814415,1.7443832473520127,1.7443832473520127
0,-1.326472128311083,0.4074435901253223,-1.326472128311083
0,1.0473177066214483,2.743640490015342,1.0473177066214483
1,1.1695899924277735,3.1309794698162507,3.1309794698162507
0,-0.22939074406802776,1.9835310852468866,-0.22939074406802776
1,-0.04347694981386243,2.1656259281301233,2.1656259281301233
1,-1.5311075025557226,-0.4191133795799237,-0.4191133795799237
1,0.514254756017835,3.046225249798263,3.046225249798263
1,0.5720574417141441,2.6983418647124555,2.6983418647124555
0,-0.062191016999311004,2.630075006797642,-0.062191016999311004
0,1.1243533598705027,3.3464525235158384,1.1243533598705027
0,-0.3340772309799405,2.2165842478879405,-0.3340772309799405
1,0.5646059258936003,2.7978785816186638,2.7978785816186638
1,-1.0196643386921156,1.6534485394092586,1.6534485394092586
0,-0.02355215087423812,2.2375731671346513,-0.02355215087423812
1,-0.17435425790283585,1.776688118875712,1.776688118875712
0,0.2253079220409414,3.361525282264382,0.2253079220409414
1,-0.3695269288333583,2.074991632306588,2.074991632306588
0,-0.1314725956716678,2.1553996148305385,-0.1314725956716678
1,0.8260471714415063,2.1878949631723383,2.1878949631723383
1,-0.43676423723821745,0.9190819540300137,0.9190819540300137
0,-1.6065771007386793,0.5397806403322474,-1.6065771007386793
0,1.7495839042054206,3.822344503089541,1.7495839042054206
0,1.3814540786904865,3.074392796186329,1.3814540786904865
0,-1.2922626951056186,0.7782286547004114,-1.2922626951056186
0,0.6897078052451944,3.484021269266992,0.6897078052451944
1,-0.5029747705513431,1.8447264667238061,1.8447264667238061
1,0.26348721533105957,1.6929829604546907,1.6929829604546907
1,0.2942241290134937,2.238469715442022,2.238469715442022
0,-0.234407800316322,1.3631089592573977,-0.234407800316322
1,-0.7837656655863965,1.022384376209323,1.022384376209323
1,-0.6905410523162594,1.1026511148689193,1.1026511148689193
0,-0.9161919154812425,0.8449852932167551,-0.9161919154812425
1,-0.8318222082304447,0.5406101057828578,0.5406101057828578
1,-0.06717829004935526,1.8689943691915498,1.8689943691915498
0,-0.7157599891107518,1.0039361924655934,-0.7157599891107518
0,0.6820520657126199,1.2173277207114859,0.6820520657126199
0,1.4872461553359273,4.513732167586759,1.4872461553359273
0,-0.580053241370043,1.964331585738293,-0.580053241370043
1,0.23940450053537707,2.051254138072879,2.051254138072879
1,0.499685110302934,2.509094635173233,2.509094635173233
1,0.4720022709192745,1.8861750972604936,1.8861750972604936
0,0.0759552679160874,2.92381670682152,0.0759552679160874
0,0.7426824183597222,3.691326765746278,0.7426824183597222
1,0.4822489526806572,2.56059581680392,2.56059581680392
1,-1.2376624223272978,1.2741028997653745,1.2741028997653745
0,0.8691560643892732,2.9567994538562354,0.8691560643892732
1,0.8872908372667421,2.218928117828777,2.218928117828777
1,-0.7632861041785816,1.0308022113395896,1.0308022113395896
0,0.03793783544760203,2.1039018188335805,0.03793783544760203
0,0.6833289928110694,2.4560551334393472,0.6833289928110694
1,-0.20931381957936157,1.6813595417031204,1.6813595417031204
0,1.0729780477660118,3.027278269011454,1.0729780477660118
0,2.3638724946193608,4.323433245686631,2.3638724946193608
0,-0.7859860326349823,1.2401432126137593,-0.7859860326349823
0,-1.3810446031537749,0.08865286364792468,-1.3810446031537749
1,0.30381859560487573,1.9453105210409076,1.9453105210409076
1,0.7215625051261435,2.079270372276159,2.079270372276159
0,-0.230866373844769,2.2580414009983314,-0.230866373844769
1,1.4532606633210345,2.4004371924008723,2.4004371924008723
1,-1.3386057997232488,1.2381893719352142,1.2381893719352142
1,0.6929186230316111,3.386093321663033,3.386093321663033
0,-0.6058608207588934,1.2430488857497959,-0.6058608207588934
0,1.7193779062072967,2.417809362293647,1.7193779062072967
1,1.9925153531681183,3.811860072184473,3.811860072184473
1,-0.7666565877833479,1.2012513315722424,1.2012513315722424
0,-0.5495571359085801,0.9451437541269632,-0.5495571359085801
0,0.8595878869798019,2.6019786900756805,0.8595878869798019
0,-0.3871306497895146,2.377966949642161,-0.3871306497895146
1,-0.04541121793223822,2.287052363218632,2.287052363218632
1,0.02538842054241018,1.5631063633533604,1.5631063633533604
0,-1.9196731561976563,-0.7184727409953723,-1.9196731561976563
0,-0.013837746094237255,1.8226535951008773,-0.013837746094237255
1,-0.6897277740641741,1.2035438362606068,1.2035438362606068
1,-0.493122822399772,1.7549767712818862,1.7549767712818862
0,1.4436320034688142,3.1759736471849846,1.4436320034688142
1,-1.2565068942792563,0.9992428934016744,0.9992428934016744
1,0.8132051867479773,3.7807822067780914,3.7807822067780914
0,-0.2789629303318085,2.128787580890323,-0.2789629303318085
1,-0.2797601684958344,1.6961955778387794,1.6961955778387794
0,0.7903718960517113,2.698796660525064,0.7903718960517113
1,0.34005129456889044,2.1617147274789548,2.1617147274789548
1,0.570612997219531,3.1609334534456033,3.1609334534456033
1,0.9681846605328611,2.65452793755721,2.65452793755721
1,-0.33130838318332273,1.6913029713166685,1.6913029713166685
0,-0.6122367345077503,1.4133622164327924,-0.6122367345077503
1,-1.085150526557798,0.6639573770364359,0.6639573770364359
1,-0.8254105299789551,0.48835669607899435,0.48835669607899435
0,2.9490944253087252,5.11058167711756,2.9490944253087252
1,1.2446795807367868,3.214177594809095,3.214177594809095
1,-1.3510743662080213,0.8990458685102636,0.8990458685102636
0,-1.3224579567435701,0.4107418900368464,-1.3224579567435701
1,0.48186606171849145,3.0922767111250153,3.0922767111250153
1,0.5472647973779668,2.1088779067720447,2.1088779067720447
0,0.5488838353173644,3.404903977326311,0.5488838353173644
1,-0.25495579355369785,0.8712259515321713,0.8712259515321713
0,-0.12545426000290022,2.0919307722755454,-0.12545426000290022
0,0.3278795241593574,2.5655948654226695,0.3278795241593574
0,0.08589300629333041,1.6881144723228891,0.08589300629333041
1,-2.219300372747535,-0.007103403817028814,-0.007103403817028814
1,-0.22979963057519381,2.4099597043048857,2.4099597043048857
0,-0.8514064342603136,0.04018414606265419,-0.8514064342603136
0,0.17521141890851205,2.426583822653919,0.17521141890851205
1,2.98525900260341,3.7386235924383713,3.7386235924383713
0,0.3674816654743044,1.8846492637127001,0.3674816654743044
1,-0.3135296861723979,2.5010534962780744,2.5010534962780744
1,0.9218015019772522,2.630910485281225,2.630910485281225
1,0.4826878872092127,1.8957479050047263,1.8957479050047263
1,0.4200944904518413,2.3211256259595,2.3211256259595
0,0.606850593215671,3.640803762297447,0.606850593215671
1,2.056543564829542,3.1407024412265288,3.1407024412265288
1,-1.1308884353259159,0.34345660885441187,0.34345660885441187
1,0.47363207681145447,3.2223479184012676,3.2223479184012676
0,-0.9263811299815384,2.0024700417873276,-0.9263811299815384
1,0.5555126463422483,2.5037970341971065,2.5037970341971065
0,-0.9186865114860944,0.4617871372505843,-0.9186865114860944
0,-0.4173668136050844,2.630554937299495,-0.4173668136050844
0,-0.2950899142379063,2.502131281636692,-0.2950899142379063
1,0.975816719344709,3.3152902132258255,3.3152902132258255
1,0.9184544439424138,2.512253269473704,2.512253269473704
1,-1.2457173764463845,0.7297679531345973,0.7297679531345973
1,0.054934110999848726,1.9747540704774336,1.9747540704774336
0,-0.7095798547491726,1.4558457975586163,-0.7095798547491726
1,-1.2585049106753345,1.4669958083903334,1.4669958083903334
0,-0.21701705042437042,2.222691470144331,-0.21701705042437042
1,-0.3084827884558197,1.1528291730518012,1.1528291730518012
1,2.4267164863455224,5.114964711355292,5.114964711355292
1,0.43295982536069616,2.5895258953672737,2.5895258953672737
1,-1.3776175007542373,0.9659153971752208,0.9659153971752208
0,-0.5647740041709423,2.1684964254683594,-0.5647740041709423
0,1.0213832954293984,2.465593170672623,1.0213832954293984
1,2.088442772869925,4.0705299835166935,4.0705299835166935
0,-1.5859833122379583,0.14828941208243418,-1.5859833122379583
0,-1.879924385139045,-0.663854097821773,-1.879924385139045
0,1.8709651753717822,4.044320164174242,1.8709651753717822
1,0.38961417737090387,3.645392453163115,3.645392453163115
0,-0.8682927318763665,0.21166839587075714,-0.8682927318763665
0,0.5346290861224353,2.5184887805977,0.5346290861224353
1,-2.6357477390168778,-0.31547627147949103,-0.31547627147949103
1,0.003375506597160999,2.0649146074252513,2.0649146074252513
0,0.3278211728430852,2.271257146585215,0.3278211728430852
0,0.9242701395378297,2.2746619578149176,0.9242701395378297
0,-1.0138959522925377,1.102497419177544,-1.0138959522925377
0,0.08568716140335904,1.707305172895396,0.08568716140335904
0,-0.9254246260595873,-0.020385478548863967,-0.9254246260595873
1,0.2553837556743171,2.8526798659311825,2.8526798659311825
1,-0.8953463223630241,1.583846587557997,1.583846587557997
1,-0.4081008391602206,1.6177296492653193,1.6177296492653193
0,-0.9958153947902291,1.1187219493126221,-0.9958153947902291
1,0.651136241823657,3.188295248181438,3.188295248181438
0,0.8584511166566653,2.9706209450457064,0.8584511166566653
1,-0.2346205699574138,2.2173882074232436,2.2173882074232436
1,0.03823799496002834,1.8894968945231032,1.8894968945231032
0,-1.4485914146335441,1.2074004546534292,-1.4485914146335441
1,-0.29967664800678706,1.8607162149595549,1.8607162149595549
0,-0.05020461704174478,2.0468213547611924,-0.05020461704174478
1,2.620793091029975,3.9857625466739597,3.9857625466739597
0,-1.1119670257741636,1.0315109013766908,-1.1119670257741636
0,1.4641772387524374,3.048199780005212,1.4641772387524374
1,0.996858773465808,2.6777174102015606,2.6777174102015606
0,0.2806364044901364,1.8729485903320757,0.2806364044901364
1,1.7586204841951334,3.225503018245521,3.225503018245521
0,0.3721054726068629,3.434491174115344,0.3721054726068629
1,0.3891591956679287,3.05482872666213,3.05482872666213
1,-0.053120653017545344,2.9070630980545853,2.9070630980545853
1,1.2235688824186275,2.6121213726408454,2.6121213726408454
0,1.0964692338108837,3.1320961087663295,1.0964692338108837
0,-0.6256772874962124,0.7275688999017397,-0.6256772874962124
0,-1.3192471945987674,0.3329053668027006,-1.3192471945987674
0,-0.20298063739565708,1.3379558708960555,-0.20298063739565708
1,-0.8000385643976464,1.8197534388231342,1.8197534388231342
1,-0.0635245746153551,1.738360586333765,1.738360586333765
1,1.2374381346841392,3.7716278015311477,3.7716278015311477
1,-0.45730165508679,1.844758789707469,1.844758789707469
1,-0.04282338131157488,3.1089959947408197,3.1089959947408197
1,0.058022734808395225,1.3183006232385333,1.3183006232385333
0,0.8484308822052846,3.4780475020986836,0.8484308822052846
1,-2.246889333984605,0.3263311012157586,0.3263311012157586
1,-0.6067002947652964,0.9066102862211862,0.9066102862211862
1,0.2112836922794726,2.7148503605160528,2.7148503605160528
0,1.2000789564268612,3.3681514379399755,1.2000789564268612
0,-0.49190244750620515,1.394359422517091,-0.49190244750620515
0,-1.876552706041874,-0.288520449527874,-1.876552706041874
1,0.6197114459661363,2.260156720241543,2.260156720241543
1,-0.6353623888256293,2.389543659067334,2.389543659067334
0,-1.1896666590903613,0.81067475038838,-1.1896666590903613
1,-0.6243453897132241,1.7667196110525056,1.7667196110525056
0,-0.18452535765584954,1.4200249515103738,-0.18452535765584954
0,-0.6047446645382127,1.005328862350968,-0.6047446645382127
0,-2.205566057099069,0.33542634752590195,-2.205566057099069
1,0.8970661968871322,2.2222780911113658,2.2222780911113658
1,1.2748750412787222,3.0672681573260867,3.0672681573260867
0,0.6515219913395057,2.668535696875622,0.6515219913395057
1,-1.1376856704248166,0.9180006304952096,0.9180006304952096
0,-0.20149153394751798,1.7089618235444037,-0.20149153394751798
1,-0.006521315229458062,2.191388575318504,2.191388575318504
1,0.5987943895619102,2.945222267470816,2.945222267470816
1,0.6683404887180808,3.035659261447746,3.035659261447746
0,-0.7341737987784958,0.7729242968875909,-0.7341737987784958
1,0.08199555641356042,1.939918007449162,1.939918007449162
1,0.4572804046152411,3.05466183555371,3.05466183555371
0,1.4558223221467665,3.9031459159337025,1.4558223221467665
1,0.704506539824723,2.018076814084191,2.018076814084191
0,0.7890566873755188,2.9647966375516197,0.7890566873755188
1,0.08382662792936095,1.094714003241956,1.094714003241956
0,1.410459145203504,3.4339265962336887,1.410459145203504
1,0.4097627959594974,3.3586463043324857,3.3586463043324857
1,-0.8610879101735704,0.6649657311919364,0.6649657311919364
0,1.4033699701251907,2.9862084473793993,1.4033699701251907
0,0.6979032725390276,3.0799181633254573,0.6979032725390276
0,-0.4430440211284823,0.7855552212666947,-0.4430440211284823
0,-0.47949296739924335,1.2041295176582372,-0.47949296739924335
0,0.2965755451407616,2.594796113931638,0.2965755451407616
1,0.46318479526758444,2.1460418714228826,2.1460418714228826
0,0.19729226563120666,2.079307272025721,0.19729226563120666
0,0.31130867344288515,2.683401528600402,0.31130867344288515
1,1.6999573745763805,3.910730416344661,3.910730416344661
0,1.0715431522348857,3.2049523503825865,1.0715431522348857
1,0.19063559126502438,2.021074451630005,2.021074451630005
1,0.9413105807674834,3.1263411384019615,3.1263411384019615
1,-1.0325239035275395,0.9056097564225821,0.9056097564225821
1,0.39792704994680894,2.6268298549097016,2.6268298549097016
1,1.80930634973311,3.5608403371741213,3.5608403371741213
0,-0.21804589539237385,1.6906696174178557,-0.21804589539237385
0,-0.8476339286190848,0.6573871751049083,-0.8476339286190848
0,-0.6520888885930607,1.3304073064038213,-0.6520888885930607
1,-1.0896330373423884,0.5048665308431892,0.5048665308431892
0,-0.7847619081277034,0.6582148667913001,-0.7847619081277034
1,-0.370508098590029,1.758822475337665,1.758822475337665
1,-1.405567019178642,0.7008028687501882,0.7008028687501882
1,0.015618333949603047,2.4070552014238893,2.4070552014238893
1,0.9022771737866472,2.6867143889990976,2.6867143889990976
0,-0.9077561801469204,1.2962702432714575,-0.9077561801469204
1,1.5192839236417688,3.7946827097786007,3.7946827097786007
1,0.5107920885275947,2.733178992443392,2.733178992443392
0,1.0305805856240573,2.6177537442229863,1.0305805856240573
0,-0.6578345538521371,1.4168471872834574,-0.6578345538521371
1,0.8545252270666157,3.0365953750939467,3.0365953750939467
1,-1.091933900395313,0.911655333058658,0.911655333058658
1,0.8902475008365087,1.8470086716509664,1.8470086716509664
1,0.1718393397935313,2.2520841517802714,2.2520841517802714
1,0.553251219984784,3.659516739683405,3.659516739683405
1,-1.1755946056248516,0.644385759996657,0.644385759996657
0,-0.8950698422766047,0.7408916087957347,-0.8950698422766047
0,0.5972282182533848,2.7839024981090836,0.5972282182533848
0,-0.9483480042242007,1.207841101009085,-0.9483480042242007
1,0.46320629209912306,3.0595738748073305,3.0595738748073305
1,-1.3671378064602457,0.0039281155853102545,0.0039281155853102545
1,0.8481742126666681,3.2138643389541643,3.2138643389541643
0,-1.232523314768509,1.0626877158572228,-1.232523314768509
1,0.5522999376795235,2.4812266692092506,2.4812266692092506
1,0.6256309336460011,2.794974592606846,2.794974592606846
1,-0.6967718184295749,1.817956922369604,1.817956922369604
1,0.5820265670847269,3.0181842570989517,3.0181842570989517
0,0.26044226333355597,1.688932607296692,0.26044226333355597
1,-0.5388418561927383,1.8712372371850041,1.8712372371850041
0,-1.008554684076208,0.9591010134075331,-1.008554684076208
0,-1.962625691672579,0.07381135733517821,-1.962625691672579
0,0.3496500472996937,2.3862485428005407,0.3496500472996937
1,-1.5648027713620551,0.36007573423881517,0.36007573423881517
1,0.0953441994413082,2.6911979479948407,2.6911979479948407
1,-0.2634482160822491,1.6946928039931448,1.6946928039931448
1,0.6791427754381955,2.119369711246611,2.119369711246611
1,-0.3020454994898642,1.5011895725252713,1.5011895725252713
1,-0.32944778634709126,1.7598995720581465,1.7598995720581465
0,0.7318707042882954,3.3464780964368206,0.7318707042882954
0,0.3350580290841175,2.636605371558534,0.3350580290841175
0,0.3161559571827783,1.8908883178092561,0.3161559571827783
0,0.46926758980852623,3.7118625481479723,0.46926758980852623
0,-1.5355721232071058,0.596815532281884,-1.5355721232071058
0,0.756788679986982,3.3944840489864894,0.756788679986982
0,0.6124687940136023,2.5366115772249875,0.6124687940136023
1,-1.0166831285764972,1.2499964937762273,1.2499964937762273
0,-0.2440804736742013,2.175653778585001,-0.2440804736742013
0,-0.039307287627631186,2.569790068249497,-0.039307287627631186
0,-0.1344967844017327,2.3941873682873798,-0.1344967844017327
1,0.33385996656853467,2.769958466605024,2.769958466605024
0,1.4313667818311835,3.273823416234129,1.4313667818311835
0,1.0817667276728287,2.7958937066947978,1.0817667276728287
1,-1.3122191934314063,0.8540845617306926,0.8540845617306926
0,0.6220699903060487,3.088634026476583,0.6220699903060487
0,1.3289333195354096,3.217572969147106,1.3289333195354096
0,0.38680852068920263,2.919394503546396,0.38680852068920263
0,1.090980425185967,3.8172887979290566,1.090980425185967
0,2.012270445700765,3.5541099861640553,2.012270445700765
0,1.0237095461069814,2.605249194208841,1.0237095461069814
1,0.24930859564172886,2.1791210661890608,2.1791210661890608
1,1.0450884740847535,3.1988948081793516,3.1988948081793516
1,0.14488783309689118,1.8826043262133658,1.8826043262133658
0,0.02390304328495547,2.700004382718528,0.02390304328495547
1,-0.3514142357137326,1.860619195045493,1.860619195045493
0,1.5634133588321084,3.5831368829524783,1.5634133588321084
0,-0.8184286659420014,0.46361657212373486,-0.8184286659420014
1,1.532367724678116,2.8744598164643627,2.8744598164643627
0,0.49986412374037126,2.6403687488812744,0.49986412374037126
0,-1.3993061748019413,-0.4656039878793594,-1.3993061748019413
1,0.3676492929914216,2.873967997813457,2.873967997813457
1,-2.100026507651624,-0.17910342983778416,-0.17910342983778416
0,0.6255080168310357,4.247054501628401,0.6255080168310357
1,0.885231482988991,4.039189608297046,4.039189608297046
1,-0.5923559556520536,1.3169195097241881,1.3169195097241881
0,0.12354769595558233,2.070379194689925,0.12354769595558233
0,1.9541574337502863,4.451948190751301,1.9541574337502863
0,-0.5057467042619367,2.345839600697082,-0.5057467042619367
0,-1.0589075870566005,0.12207788422539112,-1.0589075870566005
0,1.4816634024625988,2.588475669785255,1.4816634024625988
1,1.9625871905307948,3.651569787753604,3.651569787753604
1,0.0036956718478473255,2.2950644634347794,2.2950644634347794
1,1.0114630354083562,3.259899830662155,3.259899830662155
0,1.341475915530881,3.8763616430228063,1.341475915530881
1,-0.742484232538384,0.6576670032789619,0.6576670032789619
1,-0.4853058353678683,0.35662223314769337,0.35662223314769337
1,1.230874513154735,3.659881610805807,3.659881610805807
0,1.6850142787085094,3.270916142225892,1.6850142787085094
1,0.5628808601743548,1.5536369279800357,1.5536369279800357
0,-0.8798143535020543,1.1927175194776365,-0.8798143535020543
0,1.9870611116994412,4.383648955808781,1.9870611116994412
0,-0.5309708978119645,1.4080005361273968,-0.5309708978119645
1,-0.33513778117145177,1.4359380257373036,1.4359380257373036
1,0.34233783448962146,2.262656718416668,2.262656718416668
0,1.5541604207147741,3.3688690395143825,1.5541604207147741
0,0.8539759765522237,2.17995242058214,0.8539759765522237
0,0.41486550036191056,2.0575251618666943,0.41486550036191056
0,0.4632885301181064,2.7239284826250136,0.4632885301181064
0,0.04351466864346608,2.204353939331716,0.04351466864346608
0,0.5581395145185063,2.642169417501916,0.5581395145185063
1,-2.529560077694303,-1.0271343186209927,-1.0271343186209927
0,-0.29660745906979835,1.6126409598623679,-0.29660745906979835
0,0.241321934916781,1.1527894116953536,0.241321934916781
0,-1.151014083619507,0.9382242483231877,-1.151014083619507
1,0.38632331781156,3.100752171718344,3.100752171718344
1,-0.20447122098612153,1.0584627129928257,1.0584627129928257
1,1.7554756983154902,3.462511861656613,3.462511861656613
0,1.5730197252148568,3.7375731145699214,1.5730197252148568
1,-0.46580556911816284,2.160615748095579,2.160615748095579
0,-0.15083771156669531,1.6250499802832301,-0.15083771156669531
1,-0.0739475656083926,1.5799272697586593,1.5799272697586593
1,-0.4516594761596227,0.5638789526323358,0.5638789526323358
1,0.19502498402812674,2.2467440486821797,2.2467440486821797
1,-0.7582820688875902,2.262755951184282,2.262755951184282
1,-1.1306153349375263,1.0080638960448116,1.0080638960448116
0,0.6227112239002686,2.611571734308412,0.6227112239002686
1,0.6295295842218108,2.7905707396053034,2.7905707396053034
0,-0.8043157596599924,1.1901382383657066,-0.8043157596599924
1,0.8953554307625996,2.4888482446325346,2.4888482446325346
0,-0.6315777291653314,1.7800622286735215,-0.6315777291653314
0,0.2531652380379812,2.3660459995938585,0.2531652380379812
0,0.820344012612456,2.8291506385792844,0.820344012612456
0,-0.03361256470371303,1.4787044216571619,-0.03361256470371303
0,0.45474091214113466,3.1064948781085144,0.45474091214113466
1,-0.5164296438875717,1.8159217287789833,1.8159217287789833
0,-0.19646658342809717,1.5270729978882518,-0.19646658342809717
0,-0.20585943088034037,2.2950529959606283,-0.20585943088034037
1,-0.7465783465402389,1.0046362342671575,1.0046362342671575
0,-0.1767741631157821,1.4322240906286994,-0.1767741631157821
1,-1.5486182988637467,0.07153014239610977,0.07153014239610977
1,-0.4911537471421047,0.6233119763138496,0.6233119763138496
1,-0.28487549336967083,1.950895696839432,1.950895696839432
1,-0.2561797524953804,0.8282478083354445,0.8282478083354445
0,-0.24149744587077906,1.1442806384963395,-0.24149744587077906
1,-0.061764199860128925,0.9004417956006046,0.9004417956006046
0,0.4794415180860639,2.436406671690617,0.4794415180860639
0,0.8745170741325226,2.7993568439965864,0.8745170741325226
1,-0.6497652268482671,1.1868866665585507,1.1868866665585507
0,-1.2032008553891445,0.2755102972755674,-1.2032008553891445
1,-1.042044412243103,0.371838711038577,0.371838711038577
1,-0.48720292119492714,1.74498201057836,1.74498201057836
1,-0.3519213178165091,1.372802716329247,1.372802716329247
1,-0.7699960661974573,1.388183094570615,1.388183094570615
0,-1.2961166642498945,0.2612589926879943,-1.2961166642498945
0,-0.4561208274741882,1.634410543911353,-0.4561208274741882
1,0.18142662011397137,2.8330656387720032,2.8330656387720032
0,0.5950294658355647,2.8881123660319563,0.5950294658355647
1,-0.5574230531083212,1.2363700377834386,1.2363700377834386
1,-0.41299782214343406,1.7156016630345297,1.7156016630345297
1,-0.9266983088473107,0.9529691038875826,0.9529691038875826
0,-0.03143917037477642,1.9725009219725875,-0.03143917037477642
0,-0.8484286341908146,0.9887658397349333,-0.8484286341908146
0,0.5731278132412001,2.4909602102985042,0.5731278132412001
0,-1.7858664919341112,0.3201801846029766,-1.7858664919341112
1,-0.3596296724524622,1.1436909777565625,1.1436909777565625
0,0.3011073391917419,1.7931679256967525,0.3011073391917419
0,0.18383451632250436,1.4895632394068987,0.18383451632250436
0,2.6930336639804966,3.892898111728642,2.6930336639804966
1,0.3498000245679074,1.7411586784576678,1.7411586784576678
1,-1.0040545968420098,1.0756766565600548,1.0756766565600548
0,-0.09546424708907304,1.458141995164985,-0.09546424708907304
0,-1.776246333466452,0.4805608986490961,-1.776246333466452
0,-0.08059974929676088,1.93675712507952,-0.08059974929676088
0,-0.8330560570007587,0.18269183628021435,-0.8330560570007587
1,0.9153902755601617,3.2428780676710067,3.2428780676710067
1,-0.5495402745955349,1.85585904820032,1.85585904820032
0,-0.11676591579524663,1.3863027467873268,-0.11676591579524663
0,-0.6355578414044034,1.5745379300430924,-0.6355578414044034
1,1.7388513518533313,3.3106022331487317,3.3106022331487317
0,-0.3212427661179117,1.7275924222562562,-0.3212427661179117
1,1.8325570434792018,3.2003078400017193,3.2003078400017193
0,0.8141517621182666,1.9175985358509782,0.8141517621182666
0,0.48206672733538614,2.2906581325289017,0.48206672733538614
0,0.3687331473175197,2.3068686741801017,0.3687331473175197
1,0.39379729821625153,2.1949574514089494,2.1949574514089494
1,-1.92767257934561,-0.5196878584568897,-0.5196878584568897
0,-0.2788833941507565,1.521167074783675,-0.2788833941507565
0,0.8451579711843216,2.979805347474689,0.8451579711843216
0,-0.04889718347410554,1.928656301464626,-0.04889718347410554
0,-1.405189846803575,0.6860606684960316,-1.405189846803575
0,-0.05240445057746945,1.612537949195414,-0.05240445057746945
0,1.7041055162554912,4.289964473613571,1.7041055162554912
1,1.2468917155347194,2.658805047257329,2.658805047257329
0,-0.062004009366031745,2.1817761391773276,-0.062004009366031745
0,0.9514492770580866,3.5423948235380673,0.9514492770580866
1,-0.36650702036805183,1.873947026006396,1.873947026006396
0,-1.703871586826719,0.1948662996408661,-1.703871586826719
1,-0.9244659881295544,0.8113854885389562,0.8113854885389562
0,1.5628887685081978,4.080932594031325,1.5628887685081978
1,-0.2739930818293042,1.0145194555398593,1.0145194555398593
1,-0.24338397937501807,1.2715538904351602,1.2715538904351602
1,-0.29983819627488056,1.5013829209792586,1.5013829209792586
1,1.904136589573007,4.522963468329006,4.522963468329006
0,1.6259589153620633,3.815842733382511,1.6259589153620633
1,2.218780233448134,3.734757354193012,3.734757354193012
0,-0.1590452104000513,1.6858009369074969,-0.1590452104000513
0,0.29562448874709507,1.9884629166989476,0.29562448874709507
0,-1.5166425494207911,0.12846295446244133,-1.5166425494207911
1,1.4769344261182744,3.966379205396664,3.966379205396664
0,-1.167779551267935,0.14634888410031233,-1.167779551267935
1,0.2167755637626291,3.021165991629816,3.021165991629816
1,-1.097302527632844,1.3168123174594673,1.3168123174594673
1,-0.5888668267386961,1.956564008563153,1.956564008563153
1,-0.8372624310497003,0.9312678129376706,0.9312678129376706
0,-0.6078752606758179,1.3171543797846275,-0.6078752606758179
0,-0.5391227031489786,0.7443013895886654,-0.5391227031489786
0,-0.5482687949250771,1.1894000015415214,-0.5482687949250771
0,0.8333339117803071,3.080161335601882,0.8333339117803071
0,-1.10486279306252,1.543168737828178,-1.10486279306252
0,0.22054142701386686,1.666963018612641,0.22054142701386686
0,1.2179591523055584,3.0352061838129254,1.2179591523055584
1,-0.513196364513396,1.4111540253703427,1.4111540253703427
1,-0.7179188907476018,0.5841865081561555,0.5841865081561555
0,-0.23052462518025083,2.0651499956989494,-0.23052462518025083
1,1.1797252083607102,2.817730042489406,2.817730042489406
0,0.1941076309533577,2.0964124553648458,0.1941076309533577
0,-0.5312142946075984,1.2428110194364628,-0.5312142946075984
1,0.48387665118803963,2.0892073983282025,2.0892073983282025
0,-1.1022921498364233,0.8941853574232993,-1.1022921498364233
0,0.681359510442948,2.5735547211589367,0.681359510442948
1,0.40860730770176745,2.222678366562435,2.222678366562435
1,-0.307808471138884,1.3279607180209445,1.3279607180209445
1,-0.8385857984472311,1.3211765369442465,1.3211765369442465
1,-0.8866809222834574,1.9401277119626852,1.9401277119626852
1,0.5348173363459102,2.604760952765474,2.604760952765474
0,1.2289805024890619,3.7270396099446264,1.2289805024890619
0,-0.637307747028795,0.6675812903944736,-0.637307747028795
0,0.4583867035514844,2.537267423198369,0.4583867035514844
0,-2.0870270186020687,-0.635711178087602,-2.0870270186020687
1,-0.5846177306571996,0.6769198055768497,0.6769198055768497
0,-0.031058932870901952,1.59925536339958,-0.031058932870901952
1,-0.9096834169818336,1.6862662502249526,1.6862662502249526
1,-0.9365063747895958,1.5385015395452268,1.5385015395452268
1,-0.667779556468886,1.453722804558314,1.453722804558314
1,0.29219272832637316,1.5258424483814075,1.5258424483814075
1,-0.1873290184063747,1.714530655899657,1.714530655899657
0,-2.238231233324972,-0.08738122887410432,-2.238231233324972
1,-2.120700152635066,-0.03293203784576722,-0.03293203784576722
0,-0.6068651778571752,0.47123803040245194,-0.6068651778571752
1,0.4576865860535519,2.012527662043616,2.012527662043616
0,-2.7475048427252347,-0.779543724799593,-2.7475048427252347
1,-0.4997301761516306,1.7684152786069642,1.7684152786069642
1,-0.5262478565174211,0.37568823293260567,0.37568823293260567
0,1.3883377782084478,3.307275790468519,1.3883377782084478
0,-0.38502181171286365,1.6865025732266126,-0.38502181171286365
1,0.38298898474092846,2.807794978999035,2.807794978999035
0,0.14125714008746323,2.4876859322061815,0.14125714008746323
1,-2.1305664798072006,0.160719179597202,0.160719179597202
1,0.7682072166317373,2.3682369632807703,2.3682369632807703
0,0.21539650545628794,1.2613954368946343,0.21539650545628794
0,0.5082686396745896,2.311742261143889,0.5082686396745896
0,3.9262377064363267,6.427053619040607,3.9262377064363267
1,-2.0841129394985884,0.6126143242636273,0.6126143242636273
0,1.7246966497611085,4.079971200910001,1.7246966497611085
1,-0.28744751940035557,1.9272228920005117,1.9272228920005117
0,0.2873289044030093,2.477148728595992,0.2873289044030093
1,-0.04551224530124217,1.6764283813183676,1.6764283813183676
1,-0.4242363333980435,1.5107335198251466,1.5107335198251466
1,-0.5698329282387585,2.264701834674407,2.264701834674407
0,0.329508735573009,1.8582297326770707,0.329508735573009
1,-1.5171736966716791,1.2902156986832467,1.2902156986832467
1,0.7505791675217656,2.589565090275736,2.589565090275736
1,-0.41619440488525394,2.2465216496622853,2.2465216496622853
1,-1.1300693390403578,0.1665231562108731,0.1665231562108731
0,-0.4500128579958137,1.842939242586511,-0.4500128579958137
0,1.2571492168625729,2.888764148888762,1.2571492168625729
1,-0.5353350870162233,0.7570313170216828,0.7570313170216828
0,0.3584536182096204,2.4677206394150932,0.3584536182096204
1,-0.7309562757154733,1.7737796185825112,1.7737796185825112
1,0.7579218499236196,2.3354511306268715,2.3354511306268715
0,0.6855077387902041,1.9359997585610034,0.6855077387902041
1,1.8486088332964115,3.8026864511289338,3.8026864511289338
0,-0.1755639454992155,1.780718390112194,-0.1755639454992155
1,0.6686548047579066,2.9428146185351562,2.9428146185351562
1,0.09806753953894455,2.5728648252211888,2.5728648252211888
1,1.2958717818630143,3.266164191226767,3.266164191226767
0,-0.7188323876087304,2.2089192697884013,-0.7188323876087304
0,0.7450053128772811,2.8571226851449274,0.7450053128772811
1,-0.19469729611668168,1.6320894508798685,1.6320894508798685
1,-0.06418817710849775,1.1300281433400883,1.1300281433400883
1,0.09175248444837286,1.9604227242902892,1.9604227242902892
0,0.2522403964266774,2.0840469237211092,0.2522403964266774
0,-0.11622904312195795,2.3639233550187773,-0.11622904312195795
0,0.21471318317052593,2.445954995203953,0.21471318317052593
1,1.5781180575621845,2.9884334967458757,2.9884334967458757
0,0.9854496856152184,3.071576878820737,0.9854496856152184
0,0.8691545924968965,3.204920178361423,0.8691545924968965
1,-0.4555395260238707,2.3084761536700458,2.3084761536700458
0,-0.8892408282283245,1.554511155478705,-0.8892408282283245
1,0.9553005582377531,3.335723885393492,3.335723885393492
1,0.8760467925297942,2.906089789837376,2.906089789837376
1,1.472670675750982,3.666826678462707,3.666826678462707
0,-0.6039806259692295,2.02077182438385,-0.6039806259692295
0,-0.22954865536034708,1.104062645899828,-0.22954865536034708
1,-1.6394841625254342,0.18579617386608785,0.18579617386608785
1,-0.39247110606087293,1.2212445195610067,1.2212445195610067
1,0.9965705105794472,3.1861470699425096,3.1861470699425096
0,-0.46649537922819795,2.148615708597196,-0.46649537922819795
1,0.6404797952008238,2.341992651840287,2.341992651840287
1,-0.19050310599781134,0.6143447102674697,0.6143447102674697
1,0.32405702822156063,2.1179466557093254,2.1179466557093254
1,-1.1476913898156673,1.309045476193036,1.309045476193036
1,0.08520944963390106,2.354024401108841,2.354024401108841
1,-2.9911359709007233,-0.7770428469954351,-0.7770428469954351
0,-0.18689615816198485,1.6731071909007753,-0.18689615816198485
0,-1.6304732437151401,-0.2699886118250333,-1.6304732437151401
0,1.205994516546816,3.4636416773590497,1.205994516546816
0,0.7774073527645112,2.3602664477471986,0.7774073527645112
0,0.466670981966081,3.558719348656309,0.466670981966081
0,1.5210062271593798,3.806259831336638,1.5210062271593798
0,-0.9489165208248372,0.7607593278981875,-0.9489165208248372
0,1.7473631979155582,3.441670574221244,1.7473631979155582
1,0.9321915642603847,2.8857194609535903,2.8857194609535903
1,-0.23655528721894603,1.643693751770179,1.643693751770179
0,1.1356201471829441,3.6940370349479217,1.1356201471829441
1,-1.1062935124116342,0.9869145724603889,0.9869145724603889
1,-0.8245141615276735,0.8096699690180623,0.8096699690180623
0,-0.6085897232397004,2.336630619338191,-0.6085897232397004
0,-0.5289777080640152,1.4956764576960961,-0.5289777080640152
1,-1.0565576427602528,1.3278621952241958,1.3278621952241958
1,1.223083067095325,2.918969813372945,2.918969813372945
1,-0.25885440036983165,1.9227034135024301,1.9227034135024301
0,0.35250496835687956,2.5080599639284773,0.35250496835687956
0,-0.5703513664136806,0.48482398753824285,-0.5703513664136806
0,-1.8206033005485172,1.187034254681803,-1.8206033005485172
0,0.2700573583914221,2.915379588852695,0.2700573583914221
0,-1.9122549754197768,-0.11085263349277066,-1.9122549754197768
0,-0.06863404608546861,1.3802310836866036,-0.06863404608546861
1,-1.3683150388328105,0.8054657680689655,0.8054657680689655
1,1.987275999230808,4.030624848938006,4.030624848938006
0,0.9113627221747217,3.0891971964563365,0.9113627221747217
1,0.10575379127148042,2.201542489368525,2.201542489368525
0,1.2637066776546686,3.5168271723076314,1.2637066776546686
0,-0.8463159774657358,1.8773368722301673,-0.8463159774657358
0,0.543479378670093,2.8275309812344163,0.543479378670093
1,0.1998104337187135,1.674982684263743,1.674982684263743
1,0.26402008133367,2.945301507689896,2.945301507689896
1,1.2723535001067678,4.0926607818509115,4.0926607818509115
0,0.7324921027798023,4.308520470035845,0.7324921027798023
1,0.28872366282502326,1.7269766462052245,1.7269766462052245
0,-1.6548874362282961,0.46655357034684136,-1.6548874362282961
1,-0.9600462952794637,-0.0010956468739575786,-0.0010956468739575786
1,-0.12270893359572414,2.1538656445938806,2.1538656445938806
0,0.09337237427665124,1.8192722251932647,0.09337237427665124
1,-1.1302037246739238,1.831519172738553,1.831519172738553
1,2.411676675578421,4.02436919056913,4.02436919056913
0,1.516394055253573,2.6718025362699427,1.516394055253573
1,0.6021183203924836,2.366486450041224,2.366486450041224
0,0.07203686128374492,1.0842929756751762,0.07203686128374492
1,-0.21220896990115218,2.1633407573525028,2.1633407573525028
1,-0.9519184600222356,0.015540016849604266,0.015540016849604266
1,0.07748051851886253,2.091709309110442,2.091709309110442
1,0.2577525401427507,1.2188466302146521,1.2188466302146521
1,-1.2417605754816243,0.5980905222500548,0.5980905222500548
0,0.33417641724489744,3.1558654951471645,0.33417641724489744
1,-0.15525904882474875,2.0250648968931486,2.0250648968931486
0,-1.907807557877391,-0.339554360359858,-1.907807557877391
0,-0.8603850107795019,1.124013244750956,-0.8603850107795019
0,-0.4136055334216442,1.5954029026005792,-0.4136055334216442
0,1.88768765734019,4.124002830261893,1.88768765734019
1,0.556553124533758,1.8731239428933448,1.8731239428933448
0,-1.335481569099891,0.9608020678237744,-1.335481569099891
1,0.486036289417637,1.1338404736162493,1.1338404736162493
0,-1.5473039889383655,0.1377537348797293,-1.5473039889383655
0,1.0826910538870733,2.838554132661301,1.0826910538870733
1,-0.4711246518178786,1.8455387612177405,1.8455387612177405
0,-0.09363618873917087,1.9176792375992637,-0.09363618873917087
0,1.3257966475421905,2.6230151206140473,1.3257966475421905
1,-1.28716356858425,0.22033986850724246,0.22033986850724246
0,-1.3971181851129912,0.7022218196607122,-1.3971181851129912
1,-0.5835993263460049,1.376867002721717,1.376867002721717
0,1.0383788510193166,2.748816796201443,1.0383788510193166
0,-1.5193460754768426,0.24023702976716768,-1.5193460754768426
1,-2.8321555981105697,-0.4840715995309252,-0.4840715995309252
0,-0.4511588584089988,1.289994855156394,-0.4511588584089988
0,0.5517407999109204,2.507695177896384,0.5517407999109204
0,1.2002617497388293,4.285230043779101,1.2002617497388293
0,-0.463161362085399,0.8249973194726395,-0.463161362085399
1,-0.4114266071160025,0.6626520270966683,0.6626520270966683
0,1.1539007342557475,3.5456955666550507,1.1539007342557475
1,-1.8697416996954206,-0.20906323034247232,-0.20906323034247232
1,-0.38852077518300926,1.4523604609456804,1.4523604609456804
0,0.19042388992505774,1.7998457008595006,0.19042388992505774
1,0.44921872128503426,2.319318650901278,2.319318650901278
0,-0.5098066931908826,2.2894623628572877,-0.5098066931908826
1,0.03444101170584135,2.435505241014901,2.435505241014901
0,-2.4883273534129895,-0.057215597469500945,-2.4883273534129895
1,-0.6582484123338483,0.6336380597698289,0.6336380597698289
0,0.4535087125544674,1.8779318442780326,0.4535087125544674
0,-0.9822940342546795,-0.401833363997393,-0.9822940342546795
1,0.05898422158959733,1.6542938110482204,1.6542938110482204
1,0.4468725008026977,2.925224093995527,2.925224093995527
0,-0.34254920085776497,1.9159240570164204,-0.34254920085776497
0,0.1704637709965709,2.059707139520509,0.1704637709965709
1,-0.9627325652846123,1.026117292856361,1.026117292856361
1,-0.20661127969604665,1.4489459490162504,1.4489459490162504
1,0.6102161695892225,2.712595610790115,2.712595610790115
1,0.15697296096843422,2.5399121007087415,2.5399121007087415
1,-0.5865312695639355,0.6055253367308281,0.6055253367308281
1,0.224216404290793,2.374040248209467,2.374040248209467
0,0.714609790636618,3.1808272261139514,0.714609790636618
0,-2.049941278577478,-0.2574914230591628,-2.049941278577478
1,1.1590740649558977,3.50942437101619,3.50942437101619
1,-0.336254738681072,3.071072483555205,3.071072483555205
0,0.42548993324023027,2.373318536746784,0.42548993324023027
0,1.197246923645228,3.39390044864789,1.197246923645228
1,-1.371673697230466,0.2592977609388383,0.2592977609388383
1,-0.7094410024275466,1.3811845788734787,1.3811845788734787
0,-0.2885486958757048,1.941587116615447,-0.2885486958757048
0,-0.7837535211244283,1.3136676490106407,-0.7837535211244283
0,1.7349365758368085,3.22508891598238,1.7349365758368085
0,-0.8567720938267928,1.2464087918359326,-0.8567720938267928
0,-0.5555467794868666,2.1755511898719515,-0.5555467794868666
0,0.20438903160297678,2.4287069138602404,0.20438903160297678
1,-1.2021495260760888,1.2788440684598317,1.2788440684598317
0,-0.39568071175626385,1.4858133032374223,-0.39568071175626385
1,0.31745326125017487,2.69240338096203,2.69240338096203
1,-0.33286040438251097,1.806773514725752,1.806773514725752
0,-0.09338685889994834,1.4311577762564358,-0.09338685889994834
1,-0.5293321124483711,1.6299283899510661,1.6299283899510661
0,-1.514470309180767,-0.010318640900922216,-1.514470309180767
1,0.32159321133923857,2.0051530738968424,2.0051530738968424
0,1.7549330716472415,3.8495972252934285,1.7549330716472415
1,0.01840163078343813,2.1670237674735002,2.1670237674735002
1,0.22526411724754958,1.630647884708985,1.630647884708985
0,0.6927227551168597,3.219715640708298,0.6927227551168597
0,-1.2693304965466992,1.0166726426035373,-1.2693304965466992
1,1.7025146581296056,3.350150440324164,3.350150440324164
1,0.20232879642280202,1.4335363981982143,1.4335363981982143
0,1.631856899089109,3.5594046095483933,1.631856899089109
1,-0.7330329955239894,1.0439951475454305,1.0439951475454305
0,1.8180619225578247,3.8746321510843362,1.8180619225578247
1,0.7751554940347829,2.5935971634569994,2.5935971634569994
0,0.5530400858523584,1.5493116554798534,0.5530400858523584
1,0.23402445435314795,2.039850985202569,2.039850985202569
0,-0.24852861807444937,1.5986618263913943,-0.24852861807444937
0,1.2005316584738726,3.5173621708609017,1.2005316584738726
0,0.14035986984804696,1.7912600325425223,0.14035986984804696
0,-1.9670697035871527,0.8722676330991304,-1.9670697035871527
1,-1.1171864617070026,-0.07300673703288119,-0.07300673703288119
0,-0.1858457521927471,2.4697379967085653,-0.1858457521927471
1,0.3099989831655548,2.1978394977265028,2.1978394977265028
0,-0.05658848889989584,2.3732039472718824,-0.05658848889989584
0,1.2189707897936632,3.2588715318230297,1.2189707897936632
0,-1.9511018640386248,0.6186759039741098,-1.9511018640386248
0,0.1435879365051602,1.9499069542287546,0.1435879365051602
0,-1.8179792253871547,-0.36728943797606084,-1.8179792253871547
0,0.7597122954841684,3.4699644391196998,0.7597122954841684
0,-0.09445871444200275,1.8488009626169264,-0.09445871444200275
0,0.41960997202411815,2.5303892088362234,0.41960997202411815
1,-0.8638829605897661,1.7534929964326313,1.7534929964326313
1,1.279464931657751,2.7634873106105333,2.7634873106105333
0,1.0417246640588513,3.33947011287848,1.0417246640588513
0,0.5835443030118876,2.288596924780442,0.5835443030118876
1,-0.12951724686344077,1.8043980753143734,1.8043980753143734
1,0.5798572852951321,2.6159967679872764,2.6159967679872764
1,-0.7068925679873489,0.542996501289183,0.542996501289183
0,0.8555556590207121,2.466137137610495,0.8555556590207121
1,1.649480894323921,4.325017340530491,4.325017340530491
1,1.0706105599791862,3.513706154271584,3.513706154271584
1,-0.7296024698074095,1.239077741528973,1.239077741528973
1,0.3614173172731029,2.4829790465295494,2.4829790465295494
0,-1.2931415437586478,0.5597372034231234,-1.2931415437586478
0,0.5723903111756757,3.2506820040896667,0.5723903111756757
1,0.45060341286253885,2.350427123965457,2.350427123965457
1,-1.869816339532164,0.24610470653525995,0.24610470653525995
0,-1.1617838439123638,1.4112312281586687,-1.1617838439123638
0,-0.28313889674376713,1.3281753608332796,-0.28313889674376713
0,-0.30085974714082625,2.4785348451076206,-0.30085974714082625
0,-1.2094769354188053,0.025292359709506274,-1.2094769354188053
1,0.388978729352184,3.203799794908583,3.203799794908583
1,0.25147360894051224,2.0651358169645246,2.0651358169645246
0,-0.1942691319785193,1.68438149410884,-0.1942691319785193
0,-0.7557915001583629,0.2992034142501655,-0.7557915001583629
0,1.0487071264165635,2.8213097677277172,1.0487071264165635
0,1.6554071130882952,3.1355038475748533,1.6554071130882952
1,-0.4835614838465371,1.2126153434667266,1.2126153434667266
1,-0.6121669171548207,1.3191775999507394,1.3191775999507394
1,0.49120766541199645,2.970103472648449,2.970103472648449
0,-0.35802937974698634,1.7457722959533264,-0.35802937974698634
1,-0.13939720066323416,2.0144411260373225,2.0144411260373225
1,0.7396531517246714,2.1918934573018904,2.1918934573018904
1,-1.9093560875072928,-0.3497331323086578,-0.3497331323086578
0,1.3183023248526693,4.217664834028325,1.3183023248526693
0,0.07268052432934134,1.705080006947718,0.07268052432934134
0,-0.4114931445621802,2.4166109814664676,-0.4114931445621802
0,-0.08923415422144892,1.7892352463381178,-0.08923415422144892
0,-0.03757064497948127,1.9635733230922707,-0.03757064497948127
0,-1.7312013034449254,0.8039812766700395,-1.7312013034449254
0,1.494938227453236,4.130884438422564,1.494938227453236
1,0.041325632270618466,1.985919352131075,1.985919352131075
0,0.4430021304473752,2.248880603686606,0.4430021304473752
0,0.9515497705740432,2.923589546312937,0.9515497705740432
1,-1.0211624575603007,1.1478163065557585,1.1478163065557585
1,0.47347189903522846,2.919123742470106,2.919123742470106
1,-0.26764109089879357,1.734473838598282,1.734473838598282
1,0.8467707752164937,3.1562139242280707,3.1562139242280707
1,-2.1272274203514954,0.6919524457839751,0.6919524457839751
1,-0.099094300241269,2.0915605058911235,2.0915605058911235
0,-0.6028206557839616,1.5530057722184274,-0.6028206557839616
0,0.4322629506341556,1.6728075380891216,0.4322629506341556
0,0.47004418736820225,1.1546791189536707,0.47004418736820225
0,-0.7076258948220262,1.4865619697930579,-0.7076258948220262
0,-0.7121738641760437,1.2404140201835203,-0.7121738641760437
1,-0.11066536855732945,1.6319432939852994,1.6319432939852994
1,-0.8966422273152082,1.225122874777964,1.225122874777964
1,0.8419836954521269,2.811781830853673,2.811781830853673
0,-0.36920720044744615,2.194682924869503,-0.36920720044744615
1,-2.9069882193216414,-0.8639327851921524,-0.8639327851921524
1,-0.3748220566218061,1.25171630084311,1.25171630084311
0,-1.0385438208439723,1.4565392986356722,-1.0385438208439723
1,-1.6312758154609455,0.26015864706595326,0.26015864706595326
0,-1.2374266382225725,1.025841703613581,-1.2374266382225725
0,0.10940847183297006,1.87070311873657,0.10940847183297006
1,1.3286408282482312,3.003727385499513,3.003727385499513
0,0.31318447386498,2.355268588957828,0.31318447386498
0,-0.6065033882157399,1.3999109335561026,-0.6065033882157399
1,0.4559041951707029,2.695817712854119,2.695817712854119
1,-0.45909031021899177,1.406586813126137,1.406586813126137
0,-0.6946003691631446,0.38721973895165673,-0.6946003691631446
0,-1.1543626682329844,0.6292503899728212,-1.1543626682329844
0,-1.7518288067517191,0.6450804268201888,-1.7518288067517191
1,-0.3899237065594453,1.4613882538190015,1.4613882538190015
0,0.15805348992013185,2.034861788662858,0.15805348992013185
0,-0.09662367001488972,2.396564582938079,-0.09662367001488972
1,-0.4159669279473586,1.22804645842318,1.22804645842318
1,-0.9457460606967811,0.28285233018176903,0.28285233018176903
0,0.6082461916849685,2.5279306319222217,0.6082461916849685
1,-1.317131919946585,0.4407811044290465,0.4407811044290465
1,0.7760279138434754,2.2929047539668486,2.2929047539668486
0,-1.0022170189267248,0.9100937531239298,-1.0022170189267248
0,-0.7524352373530351,1.4933175862703567,-0.7524352373530351
1,-1.466785190615677,0.5285705286004151,0.5285705286004151
0,-0.5014021468856367,1.6520883894574823,-0.5014021468856367
1,0.9753124584779789,3.8820163077356904,3.8820163077356904
0,0.5156280884439565,2.3441886576651747,0.5156280884439565
0,0.9784221120280351,3.1175964293503697,0.9784221120280351
0,0.5221425459339358,2.2675358646343686,0.5221425459339358
0,-1.1036698285303692,0.47315031152614434,-1.1036698285303692
0,-0.33078922432755736,1.3767569489635576,-0.33078922432755736
0,-0.7801991291174627,0.9804215851216931,-0.7801991291174627
1,1.3305749040390402,3.5103128028126034,3.5103128028126034
1,-1.1967886464263116,1.9777492469240672,1.9777492469240672
1,0.8936976893891109,2.5356759712511905,2.5356759712511905
1,0.8929538701087693,2.684641217301038,2.684641217301038
0,1.8296202017160872,3.798058695160463,1.8296202017160872
