treatment,outcome,latent,selected
0,0.12102932096565022,-0.541473006507169,1
0,-0.5881737820353556,-0.10200628012726169,1
1,1.6997325191990664,0.67101780491777,1
1,4.247804907609024,1.067997778058972,1
1,4.073465274534518,0.9389694687047921,1
1,2.0303489653832947,-0.06387783283134668,1
0,-1.8892667752194274,-1.2540226524285165,0
0,-0.5173231092986217,-0.9989363762455913,1
0,0.2186416713131092,0.2726335143194143,1
1,2.28573501787104,0.34222557942434556,1
0,-0.6514499518818204,-1.098679373434385,1
1,2.211756984325921,0.04456961088927163,1
1,2.0383169014643108,0.631224356971783,1
0,-1.313597625048131,-1.151226657507144,0
1,3.4355736661350877,1.1049972018044145,1
0,-0.122405037357316,-0.37753114855982517,1
1,3.388621399755889,1.257613112576651,1
0,-0.06674096853796851,-0.5334524457759005,1
0,-1.2074839767928114,-1.026625482884179,0
0,-0.36880210223218357,-0.4581369898417196,1
0,-1.7829376731661202,-0.09514812307732015,0
0,-0.6133050036928879,-0.3884799067714809,1
1,2.1659500327147088,-0.21600142157311336,1
1,2.1387679161176187,0.33396514967619034,1
0,-0.40429306565495543,-0.17117936979639942,1
1,1.4131611301605838,-0.06611239395200703,1
0,-1.2075434528380233,-1.709226399202596,0
1,2.665929652780758,0.3916980160104727,1
0,0.3235040012198745,-0.08920329769166797,1
1,2.7471859995039263,1.610292980482871,1
0,-1.019790188886775,-0.939565167253958,0
0,-1.9483508323745171,-1.808295328499514,0
1,2.4777826406307657,0.6180684939300418,1
1,2.0385132464540225,0.3465270183130003,1
0,-1.1814851564211535,-1.0084330205311458,0
0,-1.1049265636507655,-1.5297489550040915,0
1,2.5809710540103756,1.53739673068429,1
1,4.302757774622008,1.4141103906067818,1
0,-2.245536196192899,-2.4874567587061294,0
0,-0.4793889770866073,-0.45822302925650094,1
1,4.117609127970362,1.6641920547838993,1
0,-1.2019799303620844,-0.47606255777786693,0
0,-0.8229626866021597,-0.49061223402665266,1
0,-0.34329704382464526,-0.28275932762936834,1
0,-0.4381167885520706,-1.1208969737681593,1
0,-1.7280240347913232,-1.7047757442280442,0
1,3.277574646327322,1.0525473107347487,1
0,-2.1377264042157393,-1.8429369062476757,0
1,2.490692486592501,0.2472714521087559,1
1,3.7251992892448778,0.8865794927576496,1
0,-0.9534629530641013,-1.4512262989011584,0
0,-0.9649963964840113,-0.9242684025950716,0
1,3.5509246120243247,1.21317918839159,1
1,2.821650197530646,0.5328917202270399,1
0,-0.3639918710302493,-0.6172857068788872,1
1,3.7582256837913754,1.202249003361171,1
1,3.7587745753730357,1.2065357234543024,1
0,0.20547339457826497,0.2690526930157071,1
0,-0.5792206971347786,-0.9001602278736632,1
0,-0.6049961640516923,-0.41344870347179546,1
1,1.8248505457976012,0.28638674395539016,1
0,-0.32334170699948145,-0.18859482914748824,1
1,2.9008181023650597,0.9389571782348514,1
0,-2.360564574698332,-1.5297740801093362,0
0,-1.0640972493578786,-1.4942635290662387,0
1,0.7972084001812334,0.18087111148243243,1
0,0.8658640559362563,-0.49154441380690456,1
0,0.12389095220041857,-0.6270486146977409,1
0,-1.898561081260554,-1.7680567191743972,0
0,0.024259025080068376,0.019545844798181757,1
1,2.098730828792876,-0.05275510800076566,1
1,2.3588987879572696,0.6534789819517407,1
0,0.16521570691444026,0.0689061331209721,1
0,-0.20460406709132728,-0.13260407824049675,1
1,3.1298642781748542,1.1770006367903372,1
0,-1.2217367717082306,-1.31246730344855,0
1,1.8796253196705792,0.5363892188475762,1
0,-1.6513623027285247,-1.6711471647953489,0
0,-0.756638006692069,-0.8383618800008077,1
0,-1.1482323219453565,-1.2126571326233138,0
1,2.6740271577338413,0.7819425354519183,1
0,0.5035186543892919,-0.06541023359539401,1
0,-0.1903295220337522,-0.013503244592976752,1
0,-0.9930700343178559,-1.106732987729451,0
1,2.3489552710298836,-0.2996934959328892,1
0,-0.8031533733192678,-0.7634653033091117,1
0,0.49068664858799166,0.383455014854216,1
0,-1.0392834534890623,-0.9910911353316136,0
1,3.948479261986875,1.3297943652050759,1
0,-1.8044427304172421,-1.6755804496240945,0
0,-0.16484254381245855,-0.8065198324565613,1
1,3.6254065626425636,1.6772005099660963,1
0,-0.8648686096860427,-0.4351387479620344,1
0,-0.9751920791173514,-1.314878664404412,0
1,2.0667376456598405,0.21907156253766866,1
0,-0.16514179266496093,-0.47539224221454224,1
0,-2.2005724480801727,-0.8358702556183056,0
0,-1.093268179851244,-1.0958708107987172,0
1,4.538570956247202,2.768373605625943,1
0,-0.7831812434497754,-0.25155190018413637,1
0,-2.202187861252777,-1.9255673603328771,0
1,3.206858186859208,1.4937097590055342,1
1,2.58707800768528,0.6110709051105708,1
0,-1.4501296616622659,-0.7664664310197878,0
0,-0.7749821985562848,-0.9331190886861417,1
1,3.3565801887611246,0.6734727961582307,1
0,-0.10645407901554146,-0.24691832748945464,1
0,-1.5214835138305969,-1.9259778184451013,0
1,4.334521191911566,1.7872399646046684,1
0,0.1842542938761314,-0.433990462215957,1
1,4.430641082893079,1.4955717364824264,1
1,3.0288339588277498,1.278434957965715,1
0,-1.3602515370633723,-1.0010095444828142,0
1,3.4249226885255153,1.0331898643631479,1
0,-0.29730944003498133,-0.6514425498636812,1
0,-1.4788629369960973,-1.866700586803942,0
0,0.5200430611029835,-0.4245981660221425,1
1,2.403322456175526,0.397637501776279,1
0,-0.2496583681732452,-0.4627366479963376,1
1,1.2027575333331613,-0.3070483409251013,1
1,4.211226606916592,1.143566044928613,1
1,1.9382215196855361,0.10649398029009184,1
0,-0.9974062753653674,-0.8432983112849525,0
1,2.5286553781632053,0.7020303236673265,1
1,1.8752276376320762,0.19767556695424515,1
0,-2.8863233258858676,-2.521604801462043,0
1,2.166500772326686,0.4283529137714487,1
1,1.7089307436906291,0.3918287077161016,1
0,-0.3725378305507592,0.020121129580859987,1
1,3.866182136793385,0.8917005810695752,1
0,-0.3045660125058179,-0.6723935843265022,1
0,0.7994518771847599,0.33649978882090087,1
0,-0.9783549774588954,-1.5669593711673528,0
1,3.324157665580027,0.4070903833988318,1
1,3.0673484198179746,1.9530596955398964,1
0,-1.6097979101108115,-0.9948563524675411,0
0,-1.1616639624351177,-0.759802131987775,0
0,-0.9448803411363509,-0.710015442891552,0
1,1.9797135305089708,0.12999822580159529,1
0,-1.2865250492567386,-1.0630362728537182,0
1,2.530901835257007,0.42124737869098017,1
1,2.8644876408417734,0.8468399454691652,1
1,2.1729298158646593,0.5343472134537844,1
0,-2.8561898141318576,-1.7684154256380726,0
1,2.498733312469257,0.9951676651586061,1
1,2.662748087597392,0.9373674142536799,1
1,2.706621653942445,0.8301613723463044,1
1,1.8080085190005568,0.372842248655825,1
1,1.9747860809569229,0.2201893142051328,1
1,2.466895703883604,1.0323893981263967,1
1,3.8606038118292876,1.9235134876034545,1
0,-1.4895861275461575,-0.9530404633648498,0
1,2.6536730676095397,1.0781253957947718,1
1,1.2594408364979777,-0.08621709800745275,1
0,-0.20642339981349261,-0.1296730520286007,1
0,-1.9697545753582375,-1.5365306903820384,0
1,2.1686027238223193,-0.28478940951539505,1
0,-0.794339824621966,-0.9972649579684154,1
0,-0.4987803635977672,-0.4638544295059457,1
0,-1.496929132450044,-1.0981863837781498,0
0,-0.25864823465485487,-0.44890838731300636,1
0,-0.06075991234908462,-0.40611035702340326,1
1,2.1680991245396153,0.09675491843880031,1
0,-0.8128989345578658,-1.614749862291331,1
0,-1.2156994887079153,-1.4455181477453234,0
0,0.8187178795145437,0.36191427073052657,1
0,-0.7306554093021098,-0.7974381170700989,1
1,3.41236201685842,1.0745297902299311,1
1,1.8268791056804592,0.2252697220150467,1
1,2.37756296860001,0.6067621502064073,1
1,3.5853740971620844,1.4106923204208948,1
0,-0.13866107102788175,-0.30971081180657256,1
0,-0.32068079394465204,-0.5744867054162758,1
1,3.421899031738178,0.8717025855988135,1
1,1.7970279780219802,0.5095135639296859,1
0,-0.6745565836264489,-0.18733030982130086,1
1,3.5062442874930686,1.3914579669559421,1
1,1.425573874258339,-0.21224430983993056,1
0,1.7216577582004624,0.03277363755578143,1
0,0.2790824604193264,0.021222650834258405,1
0,-0.9737593193635498,-0.9345938948984711,0
0,-0.1801492470555386,0.07758538948639096,1
1,3.156679035801969,1.3967601773984912,1
1,2.460038646033764,0.4449683153761758,1
1,2.0870543927095606,0.031063426398931566,1
0,-0.3901168535124262,-0.16176728116566969,1
1,2.1942909051464,0.33086702840635124,1
1,3.4219089161064833,0.7497666284891851,1
1,3.30149131221527,0.609238830889753,1
0,-0.20584787185454065,-0.33186486182197916,1
1,1.654151730491746,0.32478159411011454,1
1,2.7491913194678004,0.47993974114827864,1
0,-0.23005376672146538,-1.0071949875269783,1
0,0.8531210921648837,0.16823054118369438,1
0,-1.7940909598975283,-2.161303886302362,0
1,3.1937451874640956,0.48253370982118504,1
1,2.6870351908021926,0.6603430545626816,1
1,3.061597610703312,0.7475461257864594,1
0,-0.7354346353321576,-0.3950468521695675,1
1,2.4551795631018907,0.3090468350240348,1
1,4.088720967526429,1.4239538455411669,1
1,3.1190579425478133,1.4137696482912587,1
1,1.5401055860412962,-0.029172699226560628,1
0,0.18806410024140824,0.13931963072955983,1
1,2.9975800428724333,1.110911144734433,1
0,-1.1762281547269646,-1.5008020152621748,0
0,-0.5497055056505458,-0.3230757426770246,1
1,4.194790263338114,1.335570455536757,1
1,2.3303624927042383,0.9752005416847661,1
1,2.9961311707597718,0.36926377764990465,1
0,-1.888257019484672,-1.5058324053306205,0
0,-0.9479016003331737,-0.04991023304116202,0
0,-0.4709778180754994,-0.589915396249933,1
1,2.2037349098102714,0.3310389028172135,1
0,-1.3641513687463958,-0.8093466847948803,0
0,-1.8664118408322394,-1.0257233949746074,0
0,-2.06904567131937,-2.0648652776836416,0
1,3.7097231307886105,1.2218046849767015,1
0,-0.10729376489983533,-0.3997705114430575,1
1,2.1854991081221673,0.15714578370253451,1
1,2.2371856701346866,-0.002238116474181094,1
0,-1.0810409991494283,-1.0674339329604998,0
0,-1.9739270329633791,-1.2590649114481935,0
0,-1.7157621186089573,-1.0053151259972357,0
0,-0.8247527033217324,-0.723168438829393,1
1,2.2862796038307676,0.36660624701380495,1
0,-0.3702263242672289,-0.7957176635206115,1
1,4.125142743481995,1.7464906315946216,1
1,3.329717543772625,1.0271510358931508,1
1,2.6682181931271174,0.8083595496657081,1
0,-0.8099849875282199,-0.11965890247315014,1
1,3.7203163042534957,1.5142807357204837,1
1,2.04457902550996,-0.21800563112112403,1
0,-1.225527145393089,-0.031261414154246076,0
1,1.7528054464579381,0.1699745397492694,1
1,2.356295851846396,0.701823040543344,1
1,2.6960831795647033,0.6369080790029852,1
0,-0.87680549482745,-0.47512527844460306,1
0,-0.552061003838274,-0.5329937194259537,1
1,2.534635486975588,0.6399029571520845,1
1,2.6356618481223686,0.7152365838912327,1
0,-0.7515482716732459,-0.3933511248228728,1
0,-1.9066805967117928,-1.587188069678454,0
0,-0.747449625898591,-0.20731609600824458,1
1,2.8135595191127747,0.6235257988258587,1
1,4.090968160715465,1.8054168464197806,1
0,-1.5832669374033315,-1.197957962340662,0
0,0.3337487951779487,-0.42657125283057357,1
0,-0.546704285246401,-0.3894035615253766,1
1,4.120898151329782,1.3558053394315013,1
0,-0.3560050873744344,-0.03494150045863278,1
0,-1.9206154476719832,-0.9073265593722656,0
1,2.7597941953779945,0.5586952829218191,1
0,-0.28036596748145276,-0.40463852004094636,1
0,-1.2071903757041629,-1.2243872733579544,0
0,-1.2138895464981454,-0.8927733072761507,0
1,3.7167558416797095,1.734041954422619,1
1,2.1285794927146986,0.38420922164946225,1
1,1.9565852722866675,0.10776005545254295,1
0,0.1709223920704914,-0.24989373581204613,1
1,2.3842574568838457,0.29214884211879866,1
1,2.5852116396684828,0.2802359460024941,1
1,2.176234574894431,0.2921688282073261,1
1,1.9438364173753655,0.114845090277753,1
1,2.2920570728612275,0.8687983383055493,1
1,1.8380860397166328,0.02310434600073103,1
0,-2.638496113347208,-0.9779388355526387,0
0,-0.9075338740536856,-0.6124228909008682,1
0,-2.0199557820851317,-1.9790186934897123,0
1,4.308653943177471,2.0268171160423925,1
1,2.728415653190208,0.8627545919526868,1
0,-0.6562337240067372,-0.830070495129237,1
0,-1.3717391800922227,-0.2818448493971,0
0,-0.6652949003099085,-0.6368764742064336,1
1,2.7027958149174154,1.542547211374117,1
0,-2.0240289221005954,-1.419877164270929,0
0,0.020893284886848815,0.11447605881877927,1
0,0.5296041513719294,-0.10852784256484785,1
1,3.0124420124441436,0.8268386307091143,1
0,-0.09489372915613642,-0.104009227724695,1
0,-1.7679740713889862,-1.7582088766554351,0
0,-0.6079322812446746,-0.25111783464244086,1
0,-1.244153924629667,-0.972162217943325,0
0,0.29326756929195924,0.07957954655656065,1
1,2.741496777298079,1.4341770365203266,1
0,-1.4428982190907675,-1.7394252442322782,0
0,-0.9944762689593301,-0.8002227353999037,0
0,-0.13991441634871438,-0.552692953783497,1
0,0.09891563320283059,-0.38163109541321116,1
1,1.9035836578523737,0.740125664105244,1
0,-0.46433479917499654,-0.1735444175613875,1
1,1.9880388817501333,0.4158027257204452,1
0,-1.5321370262683478,-0.6257730437317763,0
1,1.713657707313232,0.22992434541793752,1
1,3.998425553510385,0.7777976308777149,1
0,-0.4275446016308684,-0.7322995497370884,1
1,3.740002104109392,0.7813581198065147,1
1,2.466921988736736,0.05237276872756848,1
1,2.674538659978015,1.0454602404822526,1
1,1.6076945015860051,-0.20141990007697352,1
1,2.6754627452822524,0.3812446551620988,1
0,0.17814687005798815,-0.04060623167853,1
0,-0.38488326989474586,-0.09621226204057896,1
1,1.5039338429360865,0.25893042822568985,1
1,4.180688062919273,0.5368074692249037,1
0,-1.320139748095408,-1.249564911924005,0
1,3.270764162226568,1.4336336088178778,1
0,-1.8029958085971476,-1.8596630405497985,0
0,-0.8061764043944105,-0.684812109738896,1
1,1.9670953830878413,-0.09426907076490067,1
1,3.0558296121441577,0.4123559690859481,1
1,3.5138982878981664,1.5761725277413785,1
0,-2.439646707888988,-1.8582914882251074,0
0,-0.5885160256290161,-0.5076941283897106,1
0,-2.3590343785042207,-2.1268334877992654,0
0,0.7435714425336735,0.03162197391024777,1
0,0.8572431168688159,0.27168358450003066,1
1,3.644558242386652,1.5907957421712526,1
1,1.4812668334838257,0.12063476089345412,1
1,2.431078997722407,1.0440251294423797,1
1,2.591398712331336,0.583837081539059,1
0,-0.2670867123445279,-0.4352481970051683,1
0,-1.5962721564550668,-1.4089607467920393,0
1,2.0349175061881937,0.2750022982918108,1
0,-1.7885016337346873,-1.4921020171453638,0
1,3.283510092547671,1.295207072669644,1
0,-1.3534432780733563,-0.16206210203682392,0
1,2.644514097126561,1.1951774115114164,1
0,-0.7937398568560747,-0.48021443413239945,1
1,2.872602383876952,0.2688507864009919,1
0,-0.1975579636297758,0.20934885733468878,1
0,0.04518995290467927,-0.04504411801092395,1
0,-0.31938813793109405,-0.4326595133965921,1
1,3.0414142713009014,0.3924560184705202,1
0,-0.2948745600011332,-0.9261632634832083,1
0,-1.2381868133565168,-1.2094353289590587,0
1,3.005084522732106,1.2428268933268276,1
1,2.395251437479255,0.7271679888921005,1
1,1.9453599973693494,0.06589160860223994,1
1,3.4481257053819814,1.6651423825437814,1
1,2.009048185954271,-0.26776551872484483,1
1,3.532858128731582,1.3227032199889794,1
1,2.47147468049833,0.17557408492582183,1
0,-0.395108894358306,-1.0247507500763902,1
1,4.7794747524709384,1.8480401917708498,1
1,3.0530425433278636,0.9907108466240852,1
0,0.42871085468826237,-0.12102103100956424,1
1,2.551341167616841,0.7271712595339489,1
0,0.1888000577936011,-0.40370343399790687,1
1,3.3599036136474645,0.8291490350595421,1
0,-1.886870580312464,-2.3910785652839595,0
0,-0.9727664130988317,-1.0198013336945937,0
1,2.645080662291518,0.9792597442869628,1
0,-0.9469197571516577,-0.24965553821891934,0
1,2.1875236911281926,0.2075422948887419,1
0,-0.5802793909908431,-1.3467856621154346,1
1,3.692944545020066,1.847866995702103,1
1,3.583092936447704,1.1905296437176767,1
0,0.22129048188413591,-0.20068521837532965,1
1,1.4534610326730875,-0.4046958568633261,1
1,3.687776780179453,1.029604361419693,1
1,2.5281400779286756,1.9824704501689276,1
1,2.342385116442266,0.9537602558113537,1
1,3.7139865192173716,2.171802667396602,1
0,-1.332208840495613,-0.922351329061918,0
0,-0.651255354905843,-0.8193868304987907,1
0,-1.043922216526398,-1.188941118053349,0
1,2.6387559357369836,0.4417606496494795,1
1,2.473644296870613,0.1756035498043698,1
0,-0.62700340804481,-0.1519511234719855,1
1,2.2001705947196397,0.8092586281232987,1
1,3.4304884462185954,1.2323286052146643,1
0,-1.8407784461100616,-1.525662409286842,0
0,-1.3822095505851006,-0.5969720279011155,0
1,3.3058157363938006,0.8201435941230599,1
0,0.22981226939256677,-0.467738683858582,1
0,-0.01962563150882446,-0.7982060763581541,1
1,3.1120412883877546,1.0185374276503947,1
0,-0.9765340217375287,-1.28950006972398,0
1,2.3833543038898504,-0.301579807791105,1
0,0.007936130793091467,0.32864402580480856,1
0,-0.018481071883072797,-0.5738199139101188,1
1,2.920853773084779,0.7831556560131748,1
0,-0.11202114902607352,-0.568876975197369,1
1,3.501666003883887,1.4086194934459193,1
1,2.5223820573782283,-0.12574629749577262,1
1,2.783032017976122,0.6712701367053535,1
1,2.0040344232491076,0.7460239529828163,1
0,0.09842331341328825,-0.6275400027440727,1
0,-2.5272519191419445,-2.0534865486558886,0
1,2.9872848597857917,0.36075575466383486,1
0,0.027166906404708487,0.0722883471248695,1
1,3.1438315201739804,0.5558260275751273,1
0,0.3408568350505445,-0.22652747238283805,1
0,-0.2153562116430303,-0.43042769880071585,1
1,4.262740669795265,2.0084730109816995,1
0,-1.261039752914495,-1.472354061510778,0
1,1.7270381002236996,0.7339504783642387,1
0,-0.5154367487342899,-0.574601858183391,1
1,1.1061892942236304,-0.33577861774042206,1
0,-0.2315092607011343,-0.31710283257396576,1
0,-1.374905547362865,-0.8034342741712573,0
1,1.9787482396232021,0.5712242102362395,1
1,4.193110846826908,1.390643595949957,1
1,3.0047373553087566,0.47001366124666144,1
0,0.1013107037400179,0.10338199621209512,1
0,-0.8940561739747346,-0.9864404990992466,1
1,2.3928672529529464,0.5168252658244509,1
1,4.44128781971906,2.1563496317292987,1
1,1.281278192930505,-0.3806946237950925,1
0,0.12088655208211269,-0.375983579351866,1
0,-0.6876325514880526,-0.5610891309809971,1
0,-0.6993377324100348,-0.4894142344944204,1
0,-2.734443044429963,-2.7452995536723845,0
1,2.109461970892908,0.4050353858557128,1
0,-0.6812110016063723,-0.8455521763546138,1
0,-1.8789444134485,-1.6102631187918002,0
1,2.987451751141967,0.7531899497325488,1
0,-0.4740145155861979,-1.0820177850419361,1
0,-0.6983298972878444,-0.3386690538837576,1
1,3.4011546625409945,1.46644239118858,1
0,-1.1785504415068027,-1.4092157980245135,0
0,-1.7505269120884657,-1.5325982345977622,0
0,0.5014664699756706,0.26930618956233815,1
1,3.4271867943362384,1.1494873640103684,1
0,-1.0327108295848109,-1.574341717731963,0
1,2.104694713794721,0.4076897368371771,1
1,2.1096119198464547,0.5809995399616921,1
0,-2.2129491784741924,-2.0591604836923203,0
1,2.31462516813367,0.7985013379072202,1
1,3.158854981865928,0.8766058798421794,1
0,-0.8926612233442304,-0.31178557325602474,1
1,4.418854571424353,1.2523463622980082,1
1,3.7844195051117206,1.1364555743248452,1
1,2.109405810517362,0.10311792571720485,1
0,-0.01774814382594575,-0.45144539032493364,1
0,-1.791228824738353,-0.9728278925829571,0
1,3.2241231563335875,-0.03756350936619123,1
1,2.274651613603934,0.569758919704179,1
0,-0.384425567990321,-0.32417686104064125,1
0,-3.1254676488562483,-2.19750100526203,0
1,3.5118575469470175,1.2687138945765704,1
0,-0.36294885669366067,0.19022322184489376,1
0,-0.32879661589381926,-0.37962449667683384,1
1,2.585021171961019,0.8571583884232883,1
1,2.985766629017584,1.5246385964827558,1
0,-3.2040923203692,-2.8019115694878916,0
1,2.547157666964832,0.43426364992207156,1
0,-2.0673946972447594,-1.4266492108103472,0
1,2.124704671287153,0.49911050679894126,1
1,2.4595638930068184,0.12792720237457925,1
1,3.9369664638777064,0.6357265264405499,1
0,-0.2604532047181529,-0.4992476144946553,1
0,-2.331870932907796,-1.8732401118191522,0
0,-0.6339252762928236,-0.4503681912566681,1
1,2.422642138216072,0.40684763513978306,1
1,2.84067985335737,1.0153923286752233,1
0,-0.7203022171040587,-1.1718313004725252,1
1,3.1357971683801296,1.0270604268730175,1
0,-0.19394609719158623,-0.6478722896465213,1
1,2.2052279864457116,0.3624498815945265,1
0,0.15285615699499555,-0.5098939528656328,1
1,2.098927835571329,0.18217062771210168,1
1,2.4062827000012788,0.8918776345702746,1
0,-0.13835388676742522,-1.2270140772885358,1
0,-1.59239477022739,-0.6799058967468314,0
1,1.8155932246896227,0.18496258734208662,1
1,4.088069735115155,2.4015836610303523,1
0,0.3909634243614536,-0.863189712166828,1
1,4.943563328070175,2.040133885996919,1
1,4.75138737549627,2.004423303675171,1
0,-0.2626404818897571,-0.09731115070159116,1
0,0.9149364757209874,-0.2981525261999002,1
0,-0.5078891967442059,-0.6920651986646915,1
1,2.420429154818892,-0.0682025303326691,1
0,-1.3168717420064546,-1.406719432559558,0
0,-0.10097230298222336,-0.0762390173205976,1
1,3.3709909368876665,1.4968802738508562,1
0,-0.7159050591862984,-0.6110850624767173,1
0,0.06352152034998876,-0.24072430398905065,1
0,-1.5175405748795479,-1.7011404742672418,0
1,2.358326403029202,0.3740620881310435,1
1,3.019243681300801,0.2644816849513739,1
1,0.5803258253954058,0.0637023597657709,1
0,0.03811657373845423,-0.21682705022214338,1
0,0.06611143455703511,-0.2927579187724547,1
1,3.075381667828257,0.5019002337006719,1
1,1.9387476778846962,-0.02881660158862331,1
1,2.418931905247311,0.3149718715553322,1
0,0.7079570091119085,0.21498281745454795,1
1,3.8690104892358517,1.1234272870957618,1
1,2.5267261047856704,0.6769940973750542,1
1,2.326349734713971,0.19286184315019061,1
1,4.357709012826558,1.5184220306521796,1
1,1.3582549911171358,0.4202685290565615,1
1,2.9599563888831266,1.3049626887904189,1
1,3.3398605976881193,0.6069426083866378,1
0,-1.2956501621273915,-1.841919078931543,0
1,3.5660573687826767,1.3048347633193296,1
0,-0.08912219521189099,0.1351762413426691,1
1,1.5071359796065122,-0.05195477090077795,1
1,1.98574053786839,0.28134834748957704,1
0,0.42902094845227884,-0.3449831619570674,1
0,-0.08719248418872785,0.2270288603889453,1
0,-0.5411645842232635,-0.5918760663430924,1
1,2.897418436303497,1.27427225873437,1
1,2.307798901428463,-0.1135881136210503,1
0,-0.6519469828956541,-0.3825838427224335,1
0,-0.973722760796481,-0.9249258157192739,0
1,1.4270847226272285,0.2687757891486415,1
1,1.3804229820226221,0.1871071001250919,1
1,2.3922612103382592,0.3884246136775064,1
0,-1.6898304651040097,-1.0272518875051289,0
0,-0.5486378791443218,-1.601181198811573,1
1,1.594829746450435,0.6255913025065598,1
1,3.0845542125444556,1.4846418618765076,1
0,-1.018003188756121,-1.0263536223898961,0
1,3.4068748146638064,1.5894412835616984,1
1,1.7318383304044214,0.2839110587363809,1
1,1.5139731757015362,-0.007062904550829715,1
0,-0.8928757352953973,-0.397548696545778,1
0,-1.527878866835028,-1.3845180194249966,0
1,3.9636930606833114,0.9877285159245996,1
0,-0.7366377131584982,-0.7756063614376031,1
0,-0.18835643104383837,-0.7798066757376003,1
1,3.2454144828010256,0.9919263098869546,1
0,-1.3260522476806165,-1.8829834466717266,0
0,-2.9235799619649594,-1.5235978106681667,0
1,1.8296367459178036,-0.01813424350808177,1
1,2.9468521405802086,0.2932844290048521,1
1,2.198866736594257,0.48473464796892385,1
0,0.5794380890385533,-0.3017984933962528,1
1,5.272314745525571,2.5303696686416894,1
0,-0.4624579168295653,-0.22789255876583409,1
0,-0.48236791162590054,-0.2307861521027222,1
0,-1.303789589991112,-0.7969866688138776,0
1,1.8091097005891723,0.12390681652107108,1
1,1.998666699962317,0.6149612320467747,1
1,3.4179836447499627,1.20357805453346,1
0,-2.2173075111134346,-1.489284264440218,0
0,0.05587116973941009,-0.2459953383557008,1
1,2.7607429592592685,0.44670361080914417,1
1,1.7564553320025742,0.5870575345945356,1
1,2.781457960968709,0.006548657804539276,1
1,2.799228616739713,0.5424239695321018,1
0,-0.4341148822033659,-0.8089638929258004,1
1,3.178572831546971,1.5579054323183568,1
1,3.3038176622159883,0.9926281029794295,1
0,-0.7817310622041396,-1.3449277870651724,1
0,-1.1244072476190943,-1.0751030481167556,0
0,-0.04596052048272581,-1.0469217501069064,1
1,2.7000022883529975,0.6779699708965286,1
0,-0.71433486619123,-1.2847277664174672,1
0,-0.18451993057875307,-0.3310243342080806,1
1,2.747465162845208,0.45470439641677407,1
0,-0.9018320683638207,-0.06616593454643468,1
1,2.4444143848203876,0.2588875157127058,1
0,-1.4332902619773913,-1.0658027113487583,0
1,2.1716552205084008,0.5948543733972447,1
0,0.2588396997569927,-0.6132118924759965,1
0,-0.4315047984291157,-0.32461967439794126,1
0,-0.2639191875817622,0.23773172790598612,1
1,1.923512407476411,0.10307822153084817,1
1,1.373754904554636,0.023980019015592963,1
0,-0.03368458787862072,-0.7506268219767557,1
0,-0.6473897832824497,-0.29954941119919215,1
0,0.2668335578088706,0.0021835908370359453,1
0,-0.6970318760619223,-1.3750852331670849,1
0,-0.7126093069207435,-0.4625329663133788,1
1,2.6536910951692394,0.38767987903284645,1
0,-1.7924796312975575,-1.2774366038453424,0
1,4.379466436151082,1.1565816515942398,1
1,3.737803329908154,1.2696132625998429,1
0,-1.3414537953404886,-1.2451505759600856,0
1,2.971202767605657,1.3576196330501393,1
0,-0.20057986513194756,-0.1435815887121344,1
1,2.2485226979812953,0.4185145591570548,1
0,0.4798212248715067,-0.4966510521282467,1
1,2.3102774661193104,0.9230448272267618,1
0,0.4734947304937688,0.4060940188486671,1
0,-0.8233222899144585,-0.8141532565976035,1
0,-1.2239071501377232,-1.1652019999652885,0
0,-1.5146107626783938,-1.4603024352092226,0
1,2.129906371372515,0.18794177643275645,1
1,3.0090044449457856,0.5724714117797358,1
1,2.955457902025659,0.6509656787794414,1
0,0.0914747110790154,-0.11798109460737784,1
0,-2.6739911367369986,-1.156996455664364,0
0,-0.5321773609422011,-0.682074798023783,1
1,2.3245289588768845,1.1523486389619257,1
0,-0.16146848303216865,-0.48462856460008136,1
1,2.8806663144667337,0.14341763068147614,1
0,-1.5387700398691628,-1.0756504835748875,0
0,0.20569268428768156,0.33658304545903495,1
0,-0.7573624142055764,-0.45768456167907784,1
1,3.664428601654164,1.0467127137757637,1
1,2.82107164884285,0.7735577062068134,1
0,0.368458743708267,-0.4957059465748997,1
0,0.0802130741260304,-0.12666402734766338,1
0,-0.4298911497227191,-0.5511162400406288,1
0,-1.3853298052435916,-1.4194331965450098,0
0,-0.44844637991854824,-0.8574424295472166,1
1,1.3293742285981482,0.19821732772082012,1
1,2.367931475989837,0.3252594982295819,1
1,2.113524681728656,0.1485479035926389,1
0,0.06097635962024739,-0.30173305395863576,1
1,2.839215802783967,0.9330666057209853,1
1,1.5441746874796025,0.06354190456093739,1
1,2.706929165555797,0.7032538280959473,1
0,-2.3151953966366903,-1.7737751322025186,0
0,-4.885031357912085,-3.9224002516183423,0
1,2.6473492685808266,0.2837880278380801,1
0,-1.1352348673741541,-1.4247656537214894,0
1,2.0210937692837314,-0.21245170271305602,1
1,2.3493671699483,-0.30209704102460566,1
1,3.254884657263574,1.587400602415537,1
0,-0.3155605184420211,0.3999965529436064,1
1,2.1308441383946506,0.16585902679867273,1
1,2.6632410047807182,0.8369911546336737,1
1,1.9473497284540044,0.36849758683903877,1
0,-0.49760156973233105,-0.45767699298843306,1
1,2.765673357152268,1.0714759302545598,1
0,-2.02775276956669,-1.1097501278882742,0
1,2.102658842136682,0.32324718753356224,1
0,-2.1157573774882397,-1.5475697941363111,0
1,2.319767893321456,0.20394385751599503,1
1,1.8649722626526017,0.19298964177292946,1
1,4.232270698985188,1.6764549619146625,1
0,-0.7630408598078465,-1.5649738934417794,1
0,-0.2611964893478595,-0.6008871758538126,1
1,2.047169335582484,0.8226824265741438,1
1,3.0879152558368275,0.33531725639730775,1
1,2.9681652765243856,0.18030505133750305,1
0,-0.9467404473045689,-0.9561357029585392,0
0,0.07064473207633681,-0.5908183480914292,1
1,2.969203439199917,1.2450410082232566,1
0,-0.9846321611787227,-0.051509193753927957,0
1,1.9952174768336763,0.3753596961444733,1
0,0.749462104245899,-0.115188328776479,1
0,-1.9286254770555018,-1.1830855152497652,0
1,2.933571067040744,0.9338104260749966,1
1,2.520304331202602,0.5032323845324963,1
1,4.049149715383283,2.305636837367189,1
0,-1.2373421795691026,-1.015581379650545,0
1,2.858697488318582,0.8225729212004805,1
0,-1.5926251370043647,-1.3115439660370012,0
0,-0.5536826809108879,0.15734656767307767,1
1,3.0840225605348928,0.9765065890631646,1
0,-1.5354518248740008,-2.072135116096487,0
0,0.22985378508510268,-0.20493247424160788,1
0,-0.9680774677375259,-0.5632097340426202,0
0,-1.3275712559839596,-0.7019572982951218,0
1,2.243118711181965,0.3852126522593543,1
1,3.9045814613204275,1.1206857064225955,1
0,0.18952032425061757,-0.13327871522915521,1
1,2.557468765957137,0.20548642756001975,1
1,2.559237228951995,0.11430875305924776,1
1,2.2121867876157078,0.0018035063564141765,1
0,-1.0290383639053169,-1.0893426377121063,0
1,3.439598050046877,1.1084446017228928,1
0,0.022112316049826164,0.295195368158836,1
1,1.6876499843194175,0.39488149000257766,1
0,-0.4450111617134206,-0.8065096290255822,1
0,0.159648654885372,-0.4592203979892406,1
0,-0.7352501673887941,-0.1761341977107784,1
0,-1.1231639522409016,-1.5341246934488517,0
0,-0.8476514685035834,-1.6880343251976784,1
0,-0.6018710315171284,-0.6007479306385679,1
1,2.113519674071517,0.5225207664423902,1
0,-0.5916280531665632,-0.653137389929941,1
0,-1.2940721816910643,-1.0188051975907135,0
0,-1.123050708215871,-0.8146856532376702,0
0,-0.23875038950954133,-0.4553424231453126,1
0,-1.1557237003350513,-0.35385896282010376,0
1,3.443556990960443,2.1655214522065567,1
1,3.0642660686742893,1.0546206284873183,1
1,3.0136198428255123,1.024774112281728,1
1,3.3403576527933496,1.1685803642733814,1
0,-0.06120817509235521,-0.9988208693340495,1
0,-1.1701075969493286,-1.2223646149872391,0
0,-0.8077842163666595,-1.1068702915340567,1
1,2.8467396655305217,1.3345061333378379,1
0,-0.16322295712422258,-0.547191788882491,1
0,-1.5145516147946256,-1.251356182239287,0
0,-0.39528578392926667,-0.430996200219813,1
0,-0.2930298442492079,-0.23860553171462742,1
1,2.7849003911515773,0.26841327369456214,1
1,1.5959627435245431,0.250951020712043,1
0,-1.9697998811810278,-0.8281805638735081,0
1,2.578940043969749,0.6856563925137109,1
0,-0.40492790529759604,-0.6391935337501581,1
1,1.919858351198707,-0.15627633670504304,1
1,3.3028761892103105,0.686774070503355,1
0,-0.4231350668545072,-0.6418214039443414,1
0,-0.8512755895110675,-0.5693514235811376,1
1,1.4289579726232908,0.591668049693131,1
0,-0.9763892937026286,-0.8577331766050195,0
0,0.12918747752482834,-0.38479202360407067,1
1,2.359718286709335,0.5557421780428925,1
1,4.068252573274857,2.054092441435975,1
1,2.816084631916101,0.6054045047627467,1
1,1.9649935758651038,0.47263976299001165,1
1,2.8424195319921384,0.5308015836727297,1
0,-0.2546293790661964,-1.0731902740670494,1
1,2.0291900627332047,0.115596738679908,1
1,1.4057013007474475,-0.029766488336401747,1
1,2.2882840268617692,0.32158454037275613,1
0,-0.9956840018285635,0.11650805247587083,0
1,2.5481513094054207,0.37969967741711275,1
0,-0.08533000607491231,-0.3114671948992017,1
1,2.8964270642945737,0.058608917371792725,1
0,-1.3248259623403047,-1.227828566056992,0
0,-0.11566460892967878,-0.31990727800291385,1
1,2.960189496983693,1.3908335481766436,1
1,2.1405947793657165,0.3188083396282559,1
0,-0.7835137557141759,-0.020921037383076883,1
1,3.798728465612729,1.8961232762543467,1
0,-1.5134895550603615,-1.3608349783010791,0
0,-0.9598556724017717,-1.1094555554462198,0
1,3.400912971109953,1.7127114112762727,1
0,0.08763361153647978,0.04596093604893383,1
0,-0.4092730640936266,-0.24258303628979377,1
0,-1.3649540192454004,-1.1992043250956432,0
1,2.487877429376527,0.44769626639501187,1
1,2.5647213406859675,0.5444598695274623,1
0,-0.7139073413090768,-1.0944943608348963,1
0,-0.2005971026153457,-0.14027558555042832,1
0,-0.5104585065945675,-0.33551583203306606,1
1,2.165573423875158,0.25597714641877106,1
0,-1.47658230064114,-1.1192502422206438,0
1,3.0719919077298217,1.2519474545131573,1
1,3.9314031381342196,0.9158237815976042,1
0,-0.8195149390807497,-0.36317555873281615,1
0,-0.3557468785780259,-0.2164187116383712,1
0,-0.33016648191246123,-0.13642215027761603,1
0,-0.9018943591287031,-0.7783085530065034,1
0,-0.6090490726742332,-0.4434294182350357,1
0,-0.13065031706410918,-0.27027036767460905,1
1,2.757780820011231,1.612868370707128,1
1,3.465204044596439,0.9466183083304367,1
1,3.250946107157722,0.9346547073366236,1
1,1.7484898199728227,0.3699256130043903,1
0,-2.2518656454074355,-1.1173270089312346,0
1,1.4699728223519202,-0.041491104577379236,1
1,2.849155228899819,0.9704884596133801,1
0,0.031881319978099176,-1.2582646293672883,1
1,2.908181689360401,0.6365532068732643,1
1,3.418814400672038,2.322609225262766,1
1,2.7169888935392597,1.0618166459897318,1
1,3.387422917425496,1.4140291355619874,1
1,2.345180527591209,0.2183387504421607,1
1,2.3105575186097784,0.9679319487649898,1
0,-0.7853483283425663,-0.7178532143540356,1
1,2.437044243535956,0.7958638123412265,1
1,2.102508852759605,0.6543881340607632,1
1,2.41970899738714,0.2899111740376629,1
1,3.702946006439909,1.3160074197184983,1
0,-0.118264199366579,-0.5387848378473886,1
0,0.1001356590932759,-0.18705751647366212,1
1,1.8467772747881648,0.0954620413582963,1
0,-0.6723360903576476,-1.0296109710894006,1
0,0.3814591628523918,0.22693194380024787,1
0,-1.6519594714778405,-1.718930412953847,0
1,2.7411079735773103,1.0469545344282092,1
1,1.7981993028952015,0.046637366565965746,1
0,-0.4839494358414863,-0.5208929039037633,1
0,0.3855636211976292,-0.8343736122951215,1
0,-0.08395778957349251,-0.23457902961918758,1
1,2.3826654596472707,0.6882597107724135,1
1,2.1315442562528393,0.5477389787375606,1
0,-0.9514212536065623,-0.7055379472784609,0
0,0.24260705114689873,-0.8460396726276342,1
1,2.4572703833466663,0.6568987063196474,1
0,-0.26891213730988694,-0.7223474046150294,1
1,1.8719456513438253,0.05990977407950356,1
0,0.2543469131640914,0.12375464252427706,1
1,2.7079347687310995,0.3120621317267384,1
1,2.5723190052769094,0.8582704301818718,1
0,-1.5835187639437076,-1.2629629368673227,0
0,-1.0817244780328228,-1.9111593252604877,0
0,-0.07515083378045329,-0.5674472812283516,1
1,4.19686456717755,1.801528407832186,1
1,4.415812246648835,2.0221741000873785,1
1,4.06096487972142,1.8311771355658875,1
1,2.8159065388268427,-0.1929813677606896,1
0,-1.7601609310462505,-1.7821150819848288,0
0,-2.054407918051381,-2.343039101651841,0
0,-1.3394946258464175,-0.6140381615494112,0
0,-0.6105539734449806,-0.19807363014936016,1
1,2.7002159011384386,1.3006254010559588,1
1,3.50483725130052,0.8678054595424457,1
1,0.9511350029812455,0.2274050789916206,1
0,-1.090999782317503,-0.8898447709411417,0
0,-2.457632859575202,-0.9607795582448903,0
1,1.8384837393304903,0.2541276870714354,1
1,2.4515765039737936,0.6970509788397266,1
0,1.0843168091426065,0.39188126224558456,1
0,-0.8362839899959262,-1.0345979596066548,1
1,2.2340968671276027,0.650667628792086,1
1,2.9588928269673245,0.4259109671014113,1
0,-1.0617502789252995,-1.0706664061901783,0
0,-0.7655375409466295,-0.7843209703002557,1
1,2.0871602206755706,0.6884959745615665,1
0,-0.7295143920974605,-0.23450753514589096,1
1,3.176598651663695,1.5891473016364572,1
1,2.524359912641671,0.5011292760645764,1
0,-0.4476883246989317,-0.48663118818926915,1
0,0.7618407313710901,-0.01020560039093268,1
1,2.2559109766066356,0.06338339263771817,1
0,-2.082173160077764,-0.72839031324171,0
0,-0.7812672042417814,-0.9125881981776266,1
1,1.9763817157257328,0.7013898938094993,1
1,2.3622878347363274,0.8452732970420956,1
1,2.197696733689794,0.6037814695529586,1
1,3.183648932567651,1.5153180943238018,1
0,-1.2293479320317533,-0.5417732360116019,0
1,3.7760117677972738,1.6742707660711302,1
0,-1.6063222610996324,-0.9009211185541528,0
0,-0.8343517597435693,-1.0126855633684928,1
0,-0.6414733436184354,-1.7599588821492502,1
0,-1.110474843293849,-0.44579531382681703,0
0,-0.6459774889990647,-0.5037223368294537,1
1,1.2642085989984155,0.5259372802546505,1
1,2.093423295135384,0.24389094162045094,1
0,-0.8716147947033948,-1.1929733710191368,1
0,-0.032406622747183866,-0.39272623842581755,1
1,1.6672198440543629,-0.37146202108768545,1
0,-1.3313505345824048,-1.7759822469618927,0
0,0.2920805409580264,-0.9809467270133695,1
0,0.0853387131047103,-0.7708136306140894,1
1,3.172364555116128,1.4336250198209464,1
1,1.4658987227239835,0.19145071595735258,1
1,2.4590930456605977,0.6621687539474996,1
0,-1.972126879957886,-1.498635497149212,0
1,3.4198882569463085,1.1942144830139918,1
1,2.710505293309344,1.3011020630240928,1
0,-2.034756183439797,-1.998344967144626,0
0,-0.28630969664769296,-0.7053167239158482,1
1,2.445417636606922,0.49576557301551033,1
1,2.171231542164284,0.6443884535381822,1
0,-0.09108770169437586,-0.6784947304872218,1
0,-1.2449899354305665,-0.3054994630536529,0
0,-0.7612785889838745,-0.5973810610451429,1
1,2.0895880352554523,0.11041804694611956,1
1,3.2051328606617284,1.1971785314619128,1
0,-0.680794129102164,-0.7710421571412046,1
1,3.3060404076731604,1.000820497768414,1
0,-0.7993757918695631,-0.7816720723468876,1
0,-1.0316563535687246,-0.8476272124968842,0
1,2.6147999460133655,0.8185946183432132,1
1,2.6161784769884395,0.9219363780076167,1
1,3.245181598926087,0.8514099367626543,1
0,-1.6390616479563984,-1.3157974082181412,0
0,-0.042565423567928584,-0.46595097807205077,1
1,2.832488133133257,0.8229885920033214,1
1,1.7809144371358299,0.04154184056389461,1
0,-0.764489238325397,-1.0736928461974642,1
1,2.0945909767638824,0.4583179391254417,1
0,-0.3957152386273638,-0.7148072589914702,1
1,3.900887908988104,1.7945248483922118,1
1,3.2466791178722985,1.5448414624182587,1
1,2.868414834022847,0.6040974263555674,1
1,3.6343015676140933,1.3610067047697736,1
1,2.6435511530283597,0.0647913501233811,1
1,3.248511000579664,0.7654374943750158,1
1,3.7233573056652163,1.477720295302075,1
1,1.681703206189931,0.2454986817943127,1
0,0.9691063225727448,-0.25518717151428366,1
0,-2.406430063713021,-1.7046219581771158,0
0,0.3914980614196605,-0.08313352572149399,1
1,3.0390650930054606,0.8234231845623112,1
1,2.3585622413270726,0.9456334275676296,1
1,2.4422145962791606,0.5043650657184098,1
0,-0.5806755380845599,-0.5412990949622398,1
0,-1.3240302110423288,-1.9768215689475905,0
0,-0.8518705481448409,-0.4952150980047351,1
0,-0.4353173742661284,-0.3043448710539514,1
0,-1.4809637697006457,-0.3129289671900141,0
1,3.485937753539713,0.6185563569779244,1
1,3.450442289504804,1.9856764110148395,1
0,0.28698463396068047,0.12352920184109302,1
0,-0.26743570401739364,-0.21673178915646166,1
0,-0.3082222963957628,-0.25922181300409286,1
1,2.529315759343152,0.12438476690771437,1
0,0.007337469803418317,-0.828293760348399,1
1,2.245945393717051,0.12019855874605508,1
1,2.7783513451470627,0.4508123363317998,1
1,2.3741318319380085,0.20968606357448813,1
1,2.9663076459700943,0.4575419340047812,1
1,2.202289419605372,0.4337476093485353,1
0,-1.2342014050382368,-1.7718966822464437,0
1,3.192120091219095,0.6368701583954032,1
0,-0.12974634132099871,-0.6710148456624536,1
0,-1.425913096672196,-1.095839163003958,0
0,-1.1886206449735917,-1.1044518278549962,0
1,2.5532751048627467,0.4335416104725293,1
0,-0.9079959496393558,-0.22257492722485292,0
0,-0.8845086799424031,-1.6819687839854105,1
1,2.4718995484411956,0.4780378151922834,1
0,-1.2976441869964663,-1.439608130798827,0
0,-0.1486808613453906,0.13982135851821087,1
1,1.5750601459895428,0.23849892567305414,1
1,2.5835621389576593,0.8855770816950449,1
1,3.8912868802836456,1.7816847864668515,1
0,-1.0279619195236949,-1.3646763259005417,0
0,0.02842191423831064,-0.05247385606304944,1
0,-0.10297328692324204,-0.27633529504421733,1
1,2.2652364986202738,0.43374968596096225,1
1,2.4637930540563326,0.21566877093361872,1
0,0.38887019045633353,-0.35254624273662016,1
0,-0.08850746739136212,-0.44090218861085556,1
0,-0.7116799110575776,-1.1164508551840477,1
1,3.134869782059825,0.9878615824065096,1
1,1.7076266467997283,0.45920418159952936,1
1,2.3954349324795157,0.9177681977951373,1
0,-0.08295823614359202,-0.3103961364755137,1
0,-0.6623049946744733,-0.6568354686944304,1
0,-0.8583936233928138,-1.0783150666292278,1
1,3.197129292662696,0.3589175837406595,1
0,-0.6767752249135678,-1.0397932245282346,1
1,4.478106171837961,1.8486630689665502,1
0,-1.2603018863580755,-1.3076425810934404,0
1,1.8700522804702817,0.2736601192125019,1
1,3.537921627606616,1.5668547072137862,1
1,2.19671385240424,0.599089759263809,1
1,2.954821190878003,0.17567371249177932,1
0,-0.5732881086941608,-0.9684836469618956,1
0,-1.121512940253564,-1.381769188567704,0
0,1.3880217100316377,0.7700501089175859,1
1,2.4961190335133336,1.5061472407749465,1
0,-0.14478101480684158,-0.43884999047817147,1
0,-1.7943843997685376,-1.139061507616351,0
0,-2.461797279781849,-2.4581694305490185,0
0,-1.1366186398961449,-0.9807648436625377,0
0,0.21721146354943377,-0.11365684249904019,1
1,3.713216885317212,1.5991232408367342,1
1,3.345692279038863,0.6731336922329685,1
1,2.0041368242404465,0.305085404706753,1
0,-0.04556246648448903,-0.40011966130113097,1
0,-0.5020541088065403,-0.5831657172559563,1
1,2.588002462472187,1.4056475975079636,1
0,-0.25856968850312684,0.20073854075838948,1
0,-2.1775397086821062,-2.102600691921022,0
0,-0.11739342295137889,-0.6735396478972429,1
0,-0.6263545029930695,-0.8582160317716268,1
0,-1.130014421117822,-0.5462640091774649,0
1,2.492752546261505,0.5629106602850852,1
0,0.9014583426022659,-0.10744488179424941,1
0,-0.021253739583233067,-0.07686540700366203,1
1,3.1498103737890393,1.3134731613252366,1
0,-0.4505912694085782,-0.6964610897866884,1
1,4.245896065678335,1.8641995258873496,1
0,-0.8993917651111156,-0.6713075913710861,1
0,0.3404855837982899,0.08919819661257138,1
0,-0.44564834373817186,-0.28120359540276724,1
1,2.4830829344156804,0.1234191335009612,1
1,2.529438574058771,0.4445919950731292,1
1,2.674819153615323,0.43383524008887675,1
0,-1.1327091037043322,-0.75311733062058,0
0,-1.5335578694840004,-1.1229146774475707,0
1,4.975920443235408,2.5031717909057107,1
0,-0.5236825302932999,-0.4839843396005531,1
1,2.8417298097216674,0.6992124386719866,1
0,-1.7608390240664566,-1.6076413105231968,0
1,2.169750667102145,-0.2796127199046768,1
1,1.5688956260027282,-0.12719938398244293,1
1,2.4050144499773913,0.4728150699278325,1
0,-2.329457734640373,-2.722454140991939,0
0,0.7526244626604636,0.16614061307833064,1
0,-1.4116211008812345,-1.1497414553678929,0
0,1.3041877021728654,0.32434571119492384,1
0,-0.8797083499913547,-1.036329196838163,1
0,-1.37694682682995,-0.8554826959255813,0
1,1.9108984139017158,-0.27362761039326816,1
0,-1.2438290768449243,-1.0523294696031953,0
0,-0.2585002031437663,-0.47553444673535483,1
0,-1.2148038923734843,-1.1933757685433153,0
0,-1.796033606603655,-1.8331704516987275,0
1,2.5621603641362865,1.0179570524293595,1
0,-0.8010180774657483,-1.2960486928239283,1
0,-0.7567445711834996,-0.17868088760798354,1
1,2.1985086337912874,0.7528910814937849,1
0,-0.43126392794229984,-0.6149441025160431,1
0,-0.023743776156553098,-0.8251658997455379,1
1,2.049941540135218,0.22623808866742148,1
1,3.468419984079135,1.117933822727152,1
0,-0.6326451766546962,-1.1693152650864689,1
0,0.25719438662959565,-0.15014783201743892,1
0,-1.8880987395541682,-1.7324945949673274,0
0,-0.9387243622792273,-0.39320100368219,0
1,0.930430901702398,0.034204684538075444,1
0,-0.9860448914862623,-0.8546246417550657,0
0,0.13205185045585588,-0.45699183382523145,1
0,-1.970309760688417,-1.40822676830745,0
0,0.42718353514087637,0.0770786113814936,1
1,2.5806179838572136,1.0556942488831496,1
0,-1.0441075815770444,-1.0971438697704636,0
0,-0.26877595947487387,-0.6226717665523829,1
1,2.172798528034968,0.5025462464541818,1
1,3.2973330596711934,1.2120907193227362,1
