age,income,treatment,outcome
26.661445004389115,42369.27962294966,0,17749.742516154383
20.543414914481325,47813.587067564695,0,13004.337803569495
38.56688104159297,56122.051660116405,0,8709.985453147587
62.39217712701405,48331.39362781291,0,16949.429439972686
57.25619550516012,73357.93352887836,1,19615.150895146173
44.892110465425816,38243.03743200596,0,12490.15699539971
47.751162852598384,63049.24792107767,0,21060.696445250258
24.75442696753528,27206.483114711315,0,10936.573396527707
61.71543844811427,66870.08710557387,0,31450.81680390692
58.92190351413824,78080.10053857086,0,25554.77776922259
52.136460482121024,53938.443675558396,0,16841.138369368502
42.2419338891048,48557.410516020944,0,16689.87770008952
68.15188195053464,70180.34096843582,1,24636.19461603383
63.7096625375765,58560.866709162816,1,17960.4979429991
51.510385662760164,73937.9798688083,0,24224.758010870464
37.33365188129897,50588.74843523644,0,17570.56260444168
50.13715849143864,51866.88416351206,0,14008.849041669115
47.9229281795946,48558.608810840466,0,15810.125201659659
38.50058336741565,39920.806981977614,1,22896.893308604926
33.94704652777995,40695.97339631508,0,15090.7637762176
39.16456119634076,46075.54666158442,0,5124.9606491781005
47.84339311373669,49045.305821882546,1,20691.309312384714
40.26301192497691,43549.75322111741,1,16569.420079665306
31.70587338647196,66841.34899676038,1,23590.313072663834
57.57009252356205,48484.095496886126,1,26517.64174831433
45.63630978978547,54284.48077135449,0,21148.749175982768
21.5191084877312,46684.764341474314,0,3382.826438092633
37.15245829255853,54877.30910211659,0,8997.664898442172
64.01549977502367,61421.679129687116,1,29515.68004865064
57.2722996223975,56229.12409272565,1,19119.143257039836
34.80883276508837,51919.89129493925,1,9546.590777940062
66.78552390631447,66057.97845293925,0,22625.885064627146
21.983351234626927,38402.08726963833,0,5500.786772559355
67.98420460239382,48373.316583952605,1,32383.12643041603
30.776664809203133,40709.09518126909,1,16707.165249909856
18.4728973757258,27770.947050788316,1,12272.97061343232
40.55801789895299,43607.41344881323,1,15626.125466593136
36.66646234372445,48665.46355703181,0,20154.015494082927
46.03262827075328,56603.6755753428,0,16659.66551113404
59.43218874963196,77520.62188774004,1,22596.00234791937
61.80640171182325,55529.13706687348,0,13943.775516024765
38.86395997980797,57178.236342655495,0,13123.250357406056
40.35197867273021,53235.58958074347,0,8505.72050684636
25.70524197713263,55812.597694964206,0,15866.695373317667
20.472475661820503,45998.52502686651,0,-347.36263507041804
51.34317949222128,45586.77547324747,1,19129.74330410365
21.35075652874,23444.917971457682,0,9665.31082833344
56.15916620991571,61192.2001016329,0,19061.65035269472
46.03268754115687,47731.83379157452,1,15393.306022310482
28.326314867756338,34360.01997437219,0,12402.558504521232
46.05519306265778,40351.819485998116,1,13816.023619201831
27.51588126330914,45367.695607526126,0,9928.02253093039
40.81433479054142,65484.24438840436,1,22970.499256850497
59.5771364445959,55701.84476523753,0,19800.1756629085
42.019803257353146,56912.60473942979,0,10720.026068316269
25.732364551472507,41843.518773560325,1,20318.29737047235
55.639091454793146,44925.72483636264,1,21053.863632022563
27.71195764604046,51204.09225812441,0,14377.77780971629
56.40459346724569,47255.37629334914,1,28651.96135615029
42.92631903922333,51679.42582554732,0,19340.809134272433
41.59457147290368,47382.08158639879,1,23657.769484875833
62.27462196858869,70068.08532995127,0,20425.132575960226
54.847383265714775,46842.18170815052,0,19623.370428510556
19.71136144165684,43764.37979884802,0,9386.693141037751
33.401064359283325,38302.558106154655,0,4463.846343580063
63.28787436419473,56532.88505880951,0,19824.58234124511
18.95296076435033,3124.4781067741424,0,5384.844882239808
46.35317920562246,74097.57531899032,0,19599.040180632623
55.84693479704508,63429.036726784856,0,16872.305756020523
50.336516445197944,47494.78336321733,0,11009.503841542068
57.54767450943069,47527.28037138541,1,24544.793354900816
55.73597614356678,52911.50054298998,1,14871.983846751114
53.98559614796189,64161.59342217546,1,29507.37425109227
60.72007276813391,41439.1871282177,1,20130.84296042359
51.575914759376,54372.11318674462,1,21980.035130830503
38.925761701363065,67169.29957530827,1,22294.8730642113
42.53927371555855,39930.173498101234,0,15454.312317142787
55.26968869943543,58438.694737354264,0,9852.885713863838
63.56791354267328,83817.05492391423,1,30215.721103647396
32.15537764366834,52399.2051187419,0,13186.765182489224
35.78799339049568,49153.2349001024,1,13896.615245316332
66.39844861084546,68265.58885451275,0,16357.913852890799
48.08261320529116,50032.65325254855,0,12949.52255602886
27.306014491020054,56649.32009854443,1,9632.426475005996
52.512147223443904,52262.77338271983,0,24340.043737895896
69.51963208804774,45167.999956664105,0,25851.48303899268
60.819585352460805,56496.7616368258,1,25072.09423905444
56.778539100672944,48721.924251569435,1,20110.908163581076
28.818426021846,41597.272888948704,1,13937.872553577097
63.55926880356837,59188.793810977884,1,27421.061672681302
45.341019863848416,64644.74192997328,0,24321.812663276763
64.24308114774169,69074.4678405147,0,16904.07931561609
35.15104713009372,50208.178440800824,0,6463.0970569822075
21.2266547370425,40583.8732551953,0,16041.922140904386
42.7507503703068,40786.79509657346,0,3693.1366457964486
32.03155545052964,24204.025348608047,0,3784.0595837035
55.19192306836751,58727.56164811158,1,20676.851315930395
67.76954074851369,71831.18240999343,0,12934.859051676929
53.93065585988133,55881.98909749477,1,26935.07539575873
64.12056434487859,56711.73894457229,0,22779.813115958445
41.55724870726273,55423.64600577349,0,10979.848205953309
58.125318334155686,58229.33716083437,0,23846.067978803312
61.83825870692858,77776.57127320391,0,27391.771010725242
54.96553263434421,69810.04973785495,0,17408.25825920402
44.40441887561736,61797.29000804197,1,17807.27188808763
50.545037699999135,62849.85999209861,1,32692.00367792208
54.42636377530177,44311.507743136324,0,18922.23263979476
31.160388967514198,52210.1315042831,0,12734.714208775418
60.098121567579206,63812.320360255355,1,30218.586082739443
67.41687602629821,69772.68529706074,0,21970.296909980825
42.19244438935667,56022.31706280886,1,16512.61765455628
54.45549352171362,61755.37263933747,0,17467.43477071424
56.32534710109841,85171.33824604515,0,24975.47468142287
52.43687247111698,55456.579536039295,1,11072.104616081257
46.44998563308905,62588.36662483783,1,19108.680091905484
63.84569363789015,57212.94871630505,0,25405.720592116562
41.34418888198251,58578.51027986797,0,11567.34679891571
21.177353737303385,49981.87577097624,1,21964.20112671535
61.91693153703233,64602.72653986965,0,25917.3780581925
53.04702616046064,73215.98250399531,1,22603.3579050469
62.16144857798162,52237.96392538663,0,14813.389583689986
25.204467007124105,37730.02408687983,1,12377.101439364633
19.59915290650525,41923.377313487515,0,21435.240772656973
66.58747609989007,72101.80658478726,1,34899.79811312296
25.68187190422986,44635.231165064266,0,10226.852356386089
60.1019212676635,72908.55099893741,1,21270.471595324394
60.80691699339306,53786.559787033344,1,23125.24455528826
54.85267042854816,46020.55031938853,0,16791.723750732308
24.82563497682929,45494.10085377969,0,3297.743392697057
52.70472847716199,55580.56147744403,1,21499.208189253102
64.23250233299702,67544.8883700807,1,31213.010927666124
40.12764552964593,49789.79985615793,1,9007.725685462614
39.50287642768714,46351.240307609005,0,16668.61914198457
41.02863209812979,49764.94033182766,0,20056.210303082626
22.278138315162735,41427.55810551322,0,5795.59674811203
64.38532958955862,59142.851796296,0,27262.229888496608
63.197508926986536,59567.43400025899,1,20144.55987318148
69.89128473309488,60909.70899667833,0,22274.641155588826
48.429523357917496,62781.412877652816,0,14430.182536030628
57.06196509547206,60471.19259279402,1,20924.530492560796
28.538939127979845,66836.99428567759,0,9304.9919053735
52.71149854765682,57962.79478661303,0,19831.456592502764
51.78610813538432,50384.47936440554,0,19639.696852174664
64.86285426376385,89138.18088051258,1,26564.277942918085
61.201221587631856,64736.87457095928,0,11914.090706260928
66.80025605612369,73301.37589699001,0,22706.039634095687
63.17934058048359,67510.70012226672,0,21497.009925376857
63.172082534740305,67816.15156034764,0,18332.456606050688
21.31361298781335,46013.34700743142,0,18200.213734209854
61.9900215401897,49974.16512233419,0,9575.77449576809
49.588876514162145,58469.72873269519,1,9678.329624834108
37.783111491829985,35642.9427074126,0,7466.742070618903
20.93876046817924,38725.75186996428,1,16612.449951089526
53.239036287938426,49363.34357833634,0,10304.918428252115
35.06649102795611,51107.94737246529,0,7219.238350207376
42.324365779273805,54503.445363019244,0,18670.32437304746
53.449878726866984,61536.39827108536,1,24156.355186470682
65.41227644525543,65579.10395011859,0,21525.670232204942
60.92271961145992,54393.10638786597,1,26530.999158406223
41.431050713387194,48105.49046317681,1,15970.7944226307
38.164724187211704,58286.3237061507,1,16566.65683776645
30.46854641989047,55912.839982889236,0,15733.889645074141
37.366191061150346,37215.26454430968,1,9470.33076275504
23.77441213917871,26577.929744462897,0,-3300.9238297106995
68.49748643496723,56979.84938543649,0,17231.061357397826
47.8437070858981,64373.929363271556,0,20660.500798835237
24.64590382535107,54471.79221450588,0,11654.158481454819
36.3459124818271,38925.83743690184,0,15448.22376067068
46.44603546827411,56296.11127150044,1,9837.346668689039
45.71005310532522,71199.33988406349,0,17839.428651088852
19.846175173368884,44076.20235908778,0,11646.177793794444
67.44373377991379,77936.89974228783,0,14528.449617158114
32.31953543669712,56147.03341917955,0,16388.898381990104
18.841602784458342,30318.814329950066,1,11242.60750735771
21.97508846541469,39087.72999773656,1,28660.4742008866
48.1701349688948,54432.612267365876,1,9191.107876031869
25.164847075105037,43623.75741776592,1,21240.916995171352
20.169689228382172,49248.13414857679,0,6987.960777903745
37.74057625346099,52957.13574948459,0,4758.07025344044
50.3835820016898,25829.781563063745,0,10024.918838819376
23.815669851763843,28779.43219495466,0,9028.473396535564
34.29304727186841,25272.71448617378,0,14573.214250816276
39.7235549244762,51615.42986879144,0,21716.07541243526
26.29192508491189,45550.83903713356,1,21922.934364217446
44.315842720268925,54990.170946241655,1,14535.275535155479
22.43113251889209,31626.28358229988,0,13299.67832333899
20.41896180994357,46950.92095617168,0,10735.30924321025
45.03143909206701,59678.344510718794,0,11701.107164840343
30.890642583045533,32893.830619471184,1,13407.958611168822
22.959438010697433,26819.336990859993,0,3724.608004001866
40.04345454935688,50020.410412409066,0,13196.193660794563
65.58731845490452,80711.48196358586,1,22540.32247586889
55.65800722601605,74826.43103499446,0,13474.27418261546
60.412027598045434,65840.05740350325,1,26062.006898873267
63.3395274154491,54369.79699192378,0,21248.537923580385
68.57664255261379,73156.74787119274,1,25093.018297183975
57.688821822737,54320.16826327808,1,28808.037710555072
49.63721194085294,47143.53560368837,1,18339.64301606386
37.002145775716855,27061.404571638486,1,13592.696886679529
27.445448301001235,44746.54613397714,0,13266.189185326446
53.70631344713131,50554.4832321919,1,20134.583087928768
69.73739927834097,65833.00343445553,0,20954.768844244463
42.30265160018379,28157.748837721287,0,-1325.8871492864382
55.631327140825995,59513.93029624988,1,22161.19538148006
43.74480739964412,27561.192060105775,0,2369.1009985830988
40.460538014900784,61109.67154013591,0,8098.321901999396
39.33589190511559,54886.85829390864,1,11679.251516636454
44.24048351244828,49333.594041978264,0,8568.540339018353
37.0785744169995,54166.48580932054,1,15088.094166170687
56.936212734734006,48687.363740731475,0,13823.515843292522
63.46214538275886,62454.82784752836,0,22259.287882590237
63.91003594554957,69902.75835737814,1,25884.222095521214
29.84033309814295,13977.274058157578,0,-2139.5781186455797
64.58727521403752,57821.394010243515,0,19116.067631565893
35.760664056465465,47653.89072686899,1,18508.79811689713
34.08399860523548,45079.06312516007,0,9681.873452298312
55.791314984708265,72466.67575462819,1,23100.500687870957
33.84420968448705,35683.09359301468,0,11288.70192318416
20.754253091704925,34165.53411140018,1,16390.402017658904
37.428124160136015,29555.37181698352,0,2566.762076411883
55.51621121863415,72860.97212204854,1,22167.75426273344
35.00183785404918,45038.017500936585,0,19045.849811192136
50.737070911747615,50984.446575506736,0,22329.165381389976
52.32621110168278,55638.27872773424,1,25283.754731988884
56.15427260977052,64439.49458918851,0,20358.927400651337
64.65078424816869,65799.0261592456,0,27783.233207568737
40.493353961958434,76725.51911655009,1,30360.462712080025
26.654467986447766,47866.59287726163,0,9472.152944781456
34.58413720245825,42639.614309538316,0,6333.626655003882
40.472697269047266,44622.78125928416,0,11205.355991615392
55.12235640506188,53633.588678362845,1,36871.30771770893
18.682350529204943,24322.806018304087,0,-1678.0310059545736
34.420839938873705,47609.062044352715,0,9292.378494562927
58.55181421300448,67110.58816859142,1,16357.96589699688
52.88460057319616,50308.66428036572,1,21231.60585706273
56.050478626451465,49951.43875038461,1,15191.784455854417
60.21416001083813,75266.5314683614,1,24025.730034835677
58.72825738165404,45099.29712461537,1,11505.10538869855
53.47352463994446,36058.578555199216,0,17388.666108932066
40.86239968327071,38902.18040516153,0,18174.424259510168
69.147113101664,49169.22937958904,1,21826.62744797441
47.59180617068383,57658.163726387735,1,19608.527571397033
28.543998887179633,40664.95443909409,1,13958.259067688774
33.22626846544879,44416.26378248599,0,11991.433447463483
54.06524771046444,68561.96562497994,0,17478.39816975874
66.0864573903721,56129.88008355829,1,27670.86424858372
27.293446718706672,51397.61747680975,0,16763.646758677038
22.28201777878089,56254.236881422476,0,6011.471131437511
63.83961449818432,57363.182268955556,1,21957.598662660934
65.59445490346738,70167.45600729683,1,29643.733826046882
32.37172595642677,43767.68385292358,1,8742.768336282552
37.618857667304475,58050.41012206013,1,8475.206136439057
52.329775869888635,40449.99605918158,0,15642.534544388278
35.15636108380869,31123.05809065088,0,12625.310081179286
63.61225283004275,57893.449265945965,1,19900.294552835185
23.59409254112086,32907.79817996272,1,10116.343055618168
19.975075489930152,34820.44665066622,0,3676.098154348159
28.841282750625055,42225.37555084113,0,5656.16790848695
32.87656446665839,53638.41755169172,0,15406.63375152385
23.872182747021505,37859.485587851406,0,2657.8926732012487
21.41590232571363,32469.338056625948,0,6202.499963638577
57.29160110209351,55130.66678345777,1,17444.70606119022
26.542381426917384,35579.737915392514,0,1590.005197416649
65.52395435144781,53421.92215509676,1,27797.87395953309
37.13598239530099,32437.823061880805,0,8071.852674380587
52.87150210550996,57130.532214965766,0,17229.554044702352
29.72090996797761,39173.39791801827,0,2321.142386392299
30.496783961577076,54911.17937313525,0,7880.777460846562
47.884878549113914,39468.47835396755,0,17304.262948694566
47.15343210759128,48155.88050331685,1,32182.631751076493
57.97391985662823,77116.0321349016,1,14425.30686286425
57.406291896101834,49307.05077707243,1,20406.424480480477
52.875763762510374,54072.54936029395,1,23043.81067924897
41.35478942646153,38518.95488497708,0,9042.352607593595
64.3133000865921,48672.37491548623,1,26977.50744383766
50.37408149150753,70660.15057663055,0,12807.168002662995
69.49032150404257,66455.55567839276,0,21312.858169730996
60.60723053258665,61640.403648669555,0,15675.126948892485
20.304110184392965,23188.89274103426,0,12476.86672575588
34.67088316817652,50922.855465171284,0,8644.639664974406
47.73753725648949,65442.988088182996,1,19332.437278683617
55.51641596931733,69252.97859294395,1,27757.026240643638
46.617497883620956,59992.08123787209,1,15182.514405047083
58.87878196803345,48144.53520806268,1,21933.960198230823
32.69809394338192,49480.28114362087,0,2374.975184605464
27.563426664106903,50457.56293681952,1,10118.774333357958
20.803667557068046,22457.39792764501,0,8317.129683632129
47.81231471771915,42693.36144404173,1,13878.31154026684
53.807175075125755,65785.1607549973,0,14617.086431405925
34.9597852902068,56240.35041182269,0,15081.424109463318
49.90637761250559,39467.358470038875,1,16032.080663770354
20.71217600437312,48306.30259487829,0,13087.275826444242
23.16325400743379,42534.66099525307,1,14964.430838442386
54.491248157441916,65055.713624792465,0,19582.236553590144
37.139624671299536,42224.599101310356,1,22855.212838083607
52.90936961735629,62906.51977348717,0,18471.641213890303
61.24949825455574,69063.03687213412,1,31850.439790471275
62.33636674875808,57654.83401982192,0,22789.068166922927
26.95271756415145,43653.884243808585,0,7138.669788038866
43.286849762270016,45158.208586088476,0,19638.931186169208
56.1641896288893,74598.48430130344,1,25012.016460422932
58.24699100587934,57920.776109682,1,20468.07726884155
58.80315099790163,50181.332247178994,0,18170.69190090264
29.86470138779039,37774.091555147694,1,20311.983555024162
28.011810521636214,45273.61127223924,0,12404.948702762276
48.68064835023219,61873.635892898215,0,25035.457422093248
56.53646148238742,44909.96228968849,0,21230.941314940443
34.59525480777805,65774.22743331351,1,21112.273871897774
23.44466815684592,44809.087018979124,0,4039.5019195613086
55.27081191132403,62299.96568535615,0,16385.496380749817
33.584287231760236,45820.24817764576,1,16657.20296287088
26.650861664209536,43518.02050561603,1,18165.131889492244
25.681623476650845,41357.98035905139,0,12458.787937596271
34.37529647138925,57365.607926054225,1,18459.3221379747
48.819259427514766,54330.34383922368,1,20798.635846311176
36.63691641207846,55988.96039096633,0,16528.563796892675
19.074416282858444,35198.7329079035,1,8041.82541921211
23.039238603246176,43476.02458474625,0,17433.029275373145
33.10616885432819,38513.88098476989,0,236.78744352527065
52.30463307164878,68317.59886131976,0,24569.733911321877
23.122783820363757,33223.91950299072,0,7721.021072246013
47.15415638203545,50327.283748404465,0,19476.45872260551
24.23406528284822,38967.428516876666,1,15562.758079720374
29.003997022167837,40962.484634346234,0,11627.2199224222
26.95380343289966,50701.8594108792,0,13232.219007800459
21.495889049682145,37581.36687747463,0,12102.585943122784
52.90915050410269,70393.82055746208,1,20977.058023630547
42.09698446407379,42863.74137073521,0,17879.76668251946
61.21477892666159,62301.164162757865,0,13050.719083714188
23.142323679080484,33813.30194641424,0,7983.142063826898
25.526112533579756,46972.78409210454,1,18982.35053728779
33.935802030223435,46808.40374534402,0,16443.088678658536
57.82503132081802,57361.89521342423,1,24605.14002681303
33.89945880409634,58834.47906708341,0,10696.37747774893
39.237772789932016,43075.46768441497,0,16638.640218271416
33.68338544745256,52706.84429990628,0,8660.530323887371
22.17166317365356,33396.232460078856,1,21531.001249483154
66.85054839060174,64552.12619690461,0,19401.96781031249
46.524027587701816,41306.260511616456,0,5737.303097672206
58.96732578564583,52858.491429755515,0,11105.89696002196
52.2345687936354,55295.853941089044,1,21194.71733723392
44.7412225112227,70517.10292884213,0,16699.08115175902
22.663269346287766,42339.67337774162,1,23614.904631787194
51.422144354055824,72257.75533569498,0,12317.707716309531
26.07925850871527,45242.86217126681,0,9937.448915389388
39.54792480652638,45903.1199585138,0,7202.789921746373
50.71388346098238,70750.50695649812,1,19754.553121779274
58.67590802455042,63708.1302330094,1,31525.85477855771
53.622349136848214,50383.958629596964,0,10081.184574549385
52.919743510840696,61165.58634942332,1,24635.719457449643
25.75019487711079,39949.14993947929,0,11109.490764442044
35.99868408372257,28109.000080148326,0,9889.779692968305
20.231438178330095,49475.450681821225,0,11591.01581980683
55.41279844517616,68655.73977900737,0,12148.031757219527
67.53447102850579,82146.65581417565,0,30003.172326136515
31.73374028931194,50088.3070666086,1,25979.806240140853
22.560228876440085,38792.88019739472,0,8626.857283824056
42.72964399118999,59714.71626938085,0,26632.93107824385
62.54830760263358,69772.35745450585,0,17491.757608227697
46.70265815413254,69734.14090843049,1,23316.10569095096
20.432411809885892,39769.92967427852,0,15222.920648277599
68.66215650745319,62675.28852805065,1,22704.937853181156
61.08979531805524,53389.45346144234,0,10649.159115358092
24.84289200667853,47796.06687059128,0,1689.5997603005653
65.93348333818247,47484.12498678289,0,28239.241985828077
41.43579100746981,58478.76923236055,0,11489.91187153613
37.338695509896944,54547.69897360636,0,11993.825182247532
41.97477318741379,56838.08861829061,0,8514.943107706547
61.39774175728925,62081.12324366302,1,28229.357072470095
52.29294327091286,71476.25411076727,0,13698.414769136376
21.08091952478583,49260.39441666155,0,6685.908208316711
67.79542729804089,57826.94173526345,1,25839.381730215326
25.684774940872522,36950.59697345979,1,8511.785049292623
56.76953349023825,49588.02861097275,1,20419.798211573798
51.07909958226281,61052.38311888727,1,28332.10617585764
27.751458493221165,33874.340034211025,1,16078.99768964965
26.87806795787858,54272.95541477281,0,11455.620595194789
63.257034872643985,74858.25051977743,0,21211.555573825863
39.82413602197905,41121.905321485014,1,15131.342256661494
52.037978737055205,54163.50402259907,0,25804.707748445577
44.211692200547006,52272.05591389764,0,10008.758378828828
55.82238288794989,66751.02304867162,0,18894.20969227679
42.92060350204519,67553.73550712137,0,15914.622082835209
32.94375559328956,29616.953867959008,0,14594.259041119487
36.895935291817814,45266.160470642084,0,17421.67279939597
62.672040111417815,58675.85310010544,1,23241.899309858753
42.337804031981804,37162.20346712542,1,18637.11361867415
29.09936527671968,39698.58244531922,0,11432.4050694456
66.59948018001717,67577.4295335147,0,8716.930711501867
59.4232237379156,56924.82284056223,0,9632.179019250465
20.894639594922353,25001.10811138704,0,3653.7202765133216
69.94503402298693,93713.3439915926,1,25552.3478218723
54.13618821488532,59729.87275948447,0,10803.812809104851
26.33386315011052,44283.87287612201,0,13443.072774502454
30.332719427527014,34187.09608309304,0,9495.84559890207
54.00716502456044,59610.64413199297,0,15689.024681177201
58.547574874514346,57631.649596842224,1,16191.90356205016
30.42986904378992,26329.700394740892,0,8496.21952700813
31.36238040276208,34978.63580123688,0,-3363.0841193169526
33.97027613334716,54934.39824341303,0,11472.71349698153
49.09695497150511,73988.65398575697,0,17534.1747369155
26.9344412716664,47138.87468626365,0,11310.35064456714
23.420646342008432,52741.15595393789,0,2137.7360463990753
53.3009326324467,55092.91323039125,0,17293.56153298584
58.51309286924484,58391.08482781639,0,12334.5707073079
44.048329029658284,62933.954791023796,0,11040.712123572368
36.91930093395604,65087.42335877271,0,17482.259451781803
40.466221103376775,63244.0774863446,1,29488.22058610854
38.1972073613415,38434.97292682256,0,11739.732558963955
67.9192152283591,63290.0187110271,0,15827.36762357337
57.94067507139529,61745.5843804606,1,23706.04568987511
28.820535172205734,41813.48795102758,1,19640.601617039632
37.977835906806966,52867.49338755944,0,15987.304349481015
46.28863915088171,61350.08769213033,1,34108.300961708104
49.875264827311796,64965.7299332073,0,12894.938113309756
42.34556259349589,68031.48281896318,0,16533.418200191987
60.126585020621874,56768.88146306259,1,30446.794917521656
57.91551301182805,45317.424857520884,1,28545.641273210356
44.26821176866467,55716.45182447686,0,4674.897903558716
62.43032811264998,80053.274368173,0,20474.604959147393
57.056655583004066,53758.56919196144,1,29209.791865040454
58.486256133473454,66111.59783737392,0,32761.62596242777
67.73284053053766,70823.87818999526,1,29147.93534386115
31.856280942878538,47842.56094488536,0,9316.195814581824
31.917704443076158,46028.09943197522,1,10940.335069625806
64.22551729591328,52878.46659074271,0,29226.666905911174
58.15577141605533,36261.26498382189,1,23900.98871392205
66.18036815465263,51971.67701068602,0,14192.906697572042
21.28276833687156,36738.34267731878,0,6914.606103437282
50.643368017603024,66295.91088302858,1,23309.197275966984
25.520673582419267,41729.056167695875,0,11996.073602694029
44.202654311214296,46911.06996642566,0,9033.544571156475
26.0988404563791,34139.56580865525,0,5562.772581513884
24.660082467213723,48898.09951870167,0,1557.1536334481134
18.632753959865724,52899.94864423891,0,14215.357104420946
50.77241824391103,66020.56634063012,0,15048.447948993637
36.66917606788448,54396.085031526934,0,15105.05196264605
23.469790813706528,26978.767943023864,0,14503.127499925326
34.78756444202811,43877.03979257635,0,12444.567579532984
26.785092755482417,62865.58866663797,0,11078.72503801494
66.96813123808629,74703.57053819539,0,21833.59068585647
34.6402540595901,31945.094847447806,0,10438.528315913934
35.365583211048275,47126.88637353142,0,18016.630268952522
61.672616176778455,64467.29241499961,0,20335.444464549604
51.68329958687222,48220.06516317391,0,12436.661335797271
54.92892358495607,34372.42157838955,0,19662.27215927892
51.07209380742595,56524.2873538773,0,22019.26927866468
67.2022067653254,55723.52080645831,1,17321.140299608593
28.76404324101835,36543.60422966233,0,17071.08849501043
69.43004057130138,61168.216686343105,0,21826.388648937012
61.20972123293868,59268.101469921225,0,19585.104144312852
48.626574621569794,54222.45936982804,0,20180.68401927934
52.44332446860495,47381.76324508247,0,12391.959263207844
51.73894557803193,53667.377492675194,1,25485.349435828528
21.036603651076003,22944.06812151045,1,9617.850193676968
29.33685792366081,47778.81961551119,1,8270.500147731591
67.99648599528696,35435.488864231906,0,12154.06468994591
45.78695030068772,49998.57434600766,1,21992.35665925444
37.674387369619424,58029.05522157924,0,8610.441296108518
57.6260000962319,48219.593175367685,1,29397.5399527314
45.2749850181021,59801.79454562505,1,25981.593725381143
18.684464114458674,50899.55917843826,0,15494.044570900387
56.28435502918613,25063.17798961918,0,14387.081703186203
56.07531312274879,56524.02752561697,1,23156.77346358625
26.58773302971867,14536.132238576585,0,802.6005585800049
67.74632459805909,62691.07784332008,0,24797.290254731277
29.643222840137945,44749.8993102557,1,17302.80177423859
41.802967103874366,26076.0436928288,0,13804.725916519055
23.966269985567564,61231.51861358243,0,19357.964915736164
49.3706806114306,57545.49838206155,0,12598.871040754726
37.523458242975046,40271.49480066717,1,15901.133379275136
36.36502003490468,62836.30429243752,0,15189.989043935528
61.00279761548926,42545.26660132146,0,11777.909155936462
18.49720906822487,26956.89419892926,0,5457.137127153702
59.49323208640597,36752.060806504,0,18038.60155026644
47.71532541890009,71868.11467484338,1,20102.770194400204
69.27712270097035,67962.02506520522,1,32196.574095360156
48.65104747142095,60919.541634195426,1,13267.540848618766
20.879714975693812,43449.86982703167,1,19134.78617900864
20.63355697507377,46054.45609898273,0,12038.084378993051
63.92395529133526,62742.75478462753,1,21214.92359894685
61.743135566574765,63580.78121036179,1,19084.662393201143
35.98628393026521,49069.1763273621,0,1702.7613325769926
50.137689177419134,48982.926533016784,1,15949.955426716335
43.45875056689122,51263.12763129892,0,19053.94615152312
68.29253086707472,66882.21116615414,0,20066.298658636988
67.39796684559836,64804.47461832049,1,30774.945232910926
69.15962844412027,49802.09314452697,1,20712.779650153992
63.05533659298174,48077.80161040678,1,25954.37828016984
65.29668272030527,73476.75569931655,1,21819.5191035706
29.298496495891094,41579.30778911153,0,5189.7550470401775
61.212353027468275,66453.42998409354,0,18352.177518049626
54.86056988662229,46509.085846087175,1,17298.190005333192
68.06489845905965,49300.990463064525,0,10828.967992932321
47.70561507901621,45416.84141419098,0,13171.233653637375
22.42869266894893,38988.69562676033,0,8916.785178622264
49.06474234173195,47880.96817802185,0,20942.83834362891
53.70220825710697,69790.43935961062,0,22403.513973047757
29.456693493046274,46523.57976189775,1,21643.412670963186
38.49389594266188,67736.33415694952,0,18074.20009619487
49.12217753068736,58605.17030605785,1,22348.01633149313
37.45349834045829,24601.240991031034,0,3806.0992348352984
37.49728129641053,59309.05671279081,0,14179.72292023756
24.920505236985463,27364.736393793188,0,10704.543573430485
66.91882960003863,65764.7514721327,1,32247.430814073177
57.02570799374502,50766.01342023406,1,24913.18564943148
18.064658821037305,60459.439755160514,0,15860.792912750621
57.81189076915259,73301.92465887764,1,18732.58116289209
56.46933961820866,50816.46339208675,0,14743.426132109933
18.506009928087195,37979.42828283248,0,9645.898382207042
37.21942347591576,51055.69243445006,0,18354.217392340965
49.5508798969276,63409.5806640799,1,20524.990816598915
41.543033896617864,51063.03607155905,0,13002.680590733711
58.455278173466375,48978.69009292452,0,20024.62617400062
40.12383329699057,42886.33025649476,0,6684.045549321967
26.000874411599526,42955.61924203185,0,17532.759555640238
68.77361246223909,76731.37601876646,1,22032.17962878604
30.586079624354422,49571.41841753765,0,1481.410648828134
55.32000014814928,49925.85080792448,0,16106.920153035207
25.44412820653174,49205.791880363766,1,23501.69834122055
35.1086559167645,43684.47956960065,0,14322.444791981015
40.985435638382036,59396.79787105943,0,17892.219629800515
27.996064235407324,69268.13630098972,0,12732.955288716008
41.397897971167694,47110.68527614835,0,12228.760635492486
26.172466795571,51102.28499504921,1,7620.175010653544
47.06834002726629,46080.23669325585,0,2724.7603852579105
52.51308913105009,55133.90689361207,1,21997.370207775537
21.24658276945656,40918.914253449286,0,14903.953950937372
63.29887029627274,59712.59854769256,1,25351.70243816413
27.627326022185848,68443.79989884316,0,15487.842829581554
29.718846116656838,41793.4923115446,0,18041.706182683527
52.39019168431928,62063.61123000832,1,23328.23371706998
42.37505514258953,31886.65887806044,1,16050.401414785854
43.968571156895415,56304.25121214381,0,10331.51532434314
24.6640591972829,53752.57552216392,0,20419.132206533402
59.898262737573226,54673.157942996106,0,20079.707237582657
50.08682079741892,29941.18898830533,1,13293.474478717664
25.039866252091713,42133.41543777261,0,3365.4764551894204
37.447967085330994,48895.82204652078,0,18644.494256362843
60.14131650222157,67311.40875855382,0,13572.19569425807
47.55446239130428,73886.26154978648,0,26168.68942075061
23.649736514912384,38024.33175145312,0,-5249.933507325768
37.38440638104291,40129.321953918654,1,23602.78946055033
30.620108719698198,33640.87634613467,1,16922.58343436293
44.90820878999377,54434.89056531288,0,15018.102929814415
61.854778701343456,65720.93193885674,0,18065.75675894555
40.68589100982983,44886.39156128906,1,27079.466601065018
40.5337855791528,58053.720246834295,1,22447.423432520005
65.07824692100593,67192.96422869472,1,20218.9277625934
47.96164145037817,54413.13762163799,1,11439.092272095026
47.441936544665154,44696.82106489133,0,14844.555481158706
31.619314377520247,40991.01403391289,1,15417.608611208268
49.60158288753057,30503.23846693983,1,10371.300237322552
47.94734430570461,56331.54279483264,1,19945.655513212507
38.63627645777693,49581.55111636282,0,9815.737237820667
69.51616942675739,66642.87462427357,0,20613.971689312308
63.85833017730051,66972.35524429586,0,23098.519618131697
56.97848708399441,62347.458406319434,0,25093.492994751003
45.94197059747603,51867.15349227766,0,18919.554650569407
42.027109698520775,51500.23528088791,0,9948.241718641919
27.614664551606367,29764.16810884149,0,10343.925365351395
33.89834864876043,41111.96786748596,0,11206.402123960803
58.24596159080693,59627.69133223808,1,15951.316678230687
41.594945604752674,43438.937043252736,1,19654.04674873717
63.87801486161407,70540.51538953249,1,34113.01620086463
25.691379089967498,36259.36873543344,0,8926.345712471864
44.434048992709094,54380.07860883771,1,11353.90426079859
51.64221556910805,56986.76435270739,0,16178.462904635446
44.87611972801215,59900.83580011017,0,8896.746530747196
64.23979836241934,71127.81092149268,0,24278.768299064574
69.45729065511527,71668.97143723704,0,23682.6802333724
24.023402233751227,20951.63910304428,0,6045.294089680957
24.757655011999894,54320.30898613121,0,8727.740571733995
24.776853905126295,57661.509194509126,0,9660.350192398439
53.421208995667435,51889.361654619024,0,15914.550436306992
37.37915696578357,51056.04760962028,1,13720.261047411033
56.132362385827115,49157.86439160574,1,14203.493511318815
39.084516590122895,30058.47322773993,0,16516.24537427181
50.63554950926731,47930.62209920979,0,12993.167229289647
58.03261629530246,53614.91775301513,0,17803.230555207723
46.50722735405587,49705.10636350979,1,20698.365862999624
46.05418670340032,43437.95245164028,0,15164.734984120161
22.58818491485299,33959.84078925411,0,2044.5310764038877
39.36065063129061,49570.26209936123,0,4449.9555134350085
46.38041196769675,45487.93615274696,0,10881.413385354088
42.02300293465332,56446.74479282693,0,16027.832728298124
64.84066400979812,69236.93851887344,0,16252.077316475403
65.13959287021345,86373.67389675161,1,24890.679195221688
60.73970379061561,71626.65121654242,0,29947.092948525205
37.51549991940224,51188.78054298526,1,8394.858614156297
55.29955588775179,51447.1349771991,0,12429.454695717775
38.55499997561971,52214.97350454984,0,22415.517688448566
30.09486714673947,48313.393172533295,1,15627.319386625106
35.83093746464584,42782.337842266315,1,12914.495449661248
21.690160930847846,48682.3944329527,0,15050.11621452044
35.252430468241656,33645.23508730208,0,10691.161784784095
41.95859529758092,48535.29929341535,0,11503.70701363769
67.68500652860315,69401.08785747565,0,21438.95472665575
34.297350483420495,44272.83376578928,1,12996.209426349196
64.92758403868707,60396.247985050824,1,18937.686291802107
29.900630342821845,43572.45655948812,0,9769.38708633944
27.93038268348097,35609.178934863034,0,4092.0096298024637
44.98776373447258,64232.891182978376,1,20474.308424174757
52.97059120346511,46304.918882504404,0,16996.642966315158
20.305277041718632,43334.23179495816,0,12659.780868097598
29.49542498245527,48884.19147405137,0,16427.12907148033
41.695550658068456,41361.55631694455,0,10446.583255146888
35.212225471125436,48337.15527937015,0,14373.233661857448
55.056296126112734,48431.826335609345,0,18317.059089815266
44.580350994148475,66200.60024763369,0,17175.223802672983
26.338673491402812,31781.50737593928,0,6048.5883811221975
64.5121997243847,55717.1289198727,1,18333.813774543658
33.23109512513469,34373.29747901154,0,12593.558218260892
56.01881766615002,44432.42156439949,1,12112.692878704704
58.555620513481315,75189.96316556359,0,17890.923256411068
68.0842004133173,69469.84694578427,0,7795.669698998898
43.922388259253275,53364.12838663208,1,12438.878373722546
50.023446804150474,48445.95376860602,0,10463.615045453575
35.41356726093576,56782.90174093556,0,18244.62466442713
53.26532325742746,48390.4372350392,0,18932.648497010756
42.09594126504862,58984.36357582534,1,16547.951191381046
40.757922965669955,41653.84871677861,0,15963.818440460607
62.484311514037486,54797.078738262026,0,22414.684993535684
20.60877986193181,47887.213792145114,0,8107.1531097272655
63.86204624725716,70569.29656518625,1,17907.448184901605
62.30763156708496,67128.54512251008,0,18134.81927533743
44.331045185213036,41668.78143503857,0,12543.625154685782
43.49054841869267,47278.00555211805,0,7263.638284799209
36.81398313784549,49975.97898090789,0,14195.628490309726
69.69703716745019,56355.70896462418,0,20974.037601464235
23.78080530319974,55600.0302528928,0,12541.377585400161
48.691192252687564,30326.126686838314,1,19165.466605058562
53.44744268584569,48936.32618923132,1,24232.336331667186
66.58516042728111,58196.915184942234,1,23240.08346458529
58.5705818365516,30845.854270558124,0,15807.6273312209
51.480054546200435,41777.73597073831,1,17485.083085086255
24.07424047423038,48290.01536253587,0,6721.353552989912
37.434142875236304,49019.9078031478,0,19080.06750917242
25.219765412495235,58341.24292667665,1,5659.233867534229
63.82306208820671,77363.79550295154,0,24884.791913707817
56.98030008930943,62820.61383069418,0,14575.417023703001
57.39191291345592,61828.33894673508,1,18911.02558914909
51.917338924224296,56617.980547901156,1,22353.15325996201
44.3662639207089,25632.311781559554,0,3988.435900542724
25.798495092101856,28953.65241279018,0,3974.948899968374
35.14413410866269,48578.82208532069,1,12641.010797699648
25.11962120879831,48720.06769187587,0,8788.939720021775
55.69548342832185,60744.43983554233,0,13192.852228415162
26.331896353144263,34241.298499415556,1,21696.10254876675
54.50990460892765,66629.01512915877,0,26549.965017191174
53.99728025898705,71823.08041703989,0,7871.796479761082
41.883832907547024,60321.81245668691,0,17130.561351006778
25.031890014138718,52411.938302974064,0,14540.889028513024
34.369642958969905,41592.56349993284,1,18748.11095374279
34.644841671928674,58081.76206297233,1,14446.577075224497
54.42002692345126,58667.5998550022,0,15530.287559397764
23.914637009513665,47072.87378997688,1,10748.841507011943
61.11156960323672,64210.103229865446,1,21542.004087839745
57.57237908966753,57571.31849042965,0,11221.782523640592
27.687959745062244,35243.95512130811,1,13488.04335297051
55.39654785250225,56876.90729071067,0,9252.991743046168
52.762685436326734,66248.95889299159,0,16176.760205423821
56.90228160576817,54036.38274975499,0,10541.18615063031
27.824284883332112,52845.61506774752,0,11883.500292398194
26.19469675213637,50468.0550822449,0,6888.64705393731
30.29716726798322,42159.209663793314,0,11728.25615934866
37.02532856374673,62400.665318069136,1,24053.035886380174
59.27057901386166,56079.82279502377,0,25409.332762798247
56.3720447489002,73281.49100057641,0,5962.535104735229
66.12348279848372,67403.01121465159,1,20794.02721179299
21.048737073128002,40365.70935202886,0,6730.887964268417
18.600926612737652,30422.449502992284,0,9064.069364754174
54.355219144441556,56295.00727087037,0,8248.772035202703
32.52294978129662,44223.8797557041,0,6016.515897828655
35.37210256775851,35103.0874313702,0,11236.515269974272
46.433705347554636,51040.69844660065,1,19815.25212180433
23.325482402593522,33624.709400325904,1,14915.659452651758
51.42010966049858,61569.97252003711,1,23659.39781854401
34.90766720401981,60516.63835929194,1,19726.169442312465
50.90118646365156,43181.43646887338,0,15466.657522775115
61.368359479816064,77807.25702357726,1,25333.096464952778
26.897789333546342,42163.38432292188,0,12919.711747623269
66.40540083155506,53452.486566392385,1,12429.715490129125
45.59578333524708,60375.43946970537,0,22878.368048876127
65.99224378904636,58531.5771119727,0,8029.196214604919
28.801964274492462,43583.61537693129,0,4722.945308069161
49.43725855942036,50675.846837589386,1,18821.232412392288
39.00213010082744,41333.68573176472,0,15296.859048791172
58.25955394011269,66369.74729407538,0,3312.551063431996
49.50726504709141,51890.618494603834,1,19949.893239169494
43.714803761832556,37490.88395912382,0,16454.024345357564
65.47524113441246,68248.22180936555,0,24892.46098796143
37.61008733692737,36749.220158226126,0,7710.291190720793
29.438970654705436,33186.88360060013,0,7702.30605622594
49.621261716308766,66736.69290792754,0,13517.180989591367
50.449478732986314,43261.34037439104,0,12452.656516405945
40.83292032173752,27252.01159159386,0,5732.6524698647145
43.30372227184788,57880.4759855389,1,15002.531240568878
67.8967775435948,60909.7544769861,1,26842.215566559407
56.09965595263367,55873.276764935676,0,17465.33573338401
23.751291077094002,38730.641605045006,0,11081.254913875668
29.030763685271772,46832.081232823155,1,16559.432808840855
68.72998499064907,56837.80007629385,0,22951.47001149718
55.77620879726363,72649.25314428945,0,22811.237064656645
65.58234655952197,48028.868476667,1,14210.773060240575
33.80079612741355,51349.147230478,0,7623.525696458698
56.5770767245028,64709.74840101725,0,16629.51039755209
55.128140843222596,49967.552813277514,1,20908.995822535566
33.323879242847504,36424.59516864557,0,6956.782496343889
46.64244892343668,63492.96660341991,1,25237.904799970856
50.62558578605535,45404.18535286053,0,24565.277533950117
43.01885416302818,45442.787674008425,1,19078.85937791515
61.01329274621666,69379.7359977058,0,19562.33731000497
61.30919017349545,61002.00742213796,1,27609.32005243454
62.23122851168095,43144.17757954943,0,7431.464684273957
59.778025593104466,77359.60424208737,0,19833.91024502168
43.38034081425152,46390.06281932609,1,23210.2535721205
37.83479150374838,44889.822852810015,0,8840.170600025118
61.23156675314727,63173.62589983729,0,12430.873041103354
43.490475844925875,57996.00589250367,0,13568.667707736651
30.811312728655057,65016.699277242195,1,17360.50530744563
44.381863680755245,35590.25034632067,0,7892.136361205822
25.37619073980059,50947.61745915976,1,25650.80627413085
53.96473351113754,64412.46369606954,1,19840.711166794736
35.46790664444313,46362.3042134804,1,10961.514993103821
31.554257519267626,53649.86570779604,0,11207.731479280072
67.73845480420674,73211.96757846883,0,25408.190907210686
58.397811779432,45379.27803984596,0,16304.56140486215
58.92761414164444,76961.47212963052,1,26909.639641511953
50.43354240251754,39629.14866987735,1,14692.070375825457
61.63698614653545,49465.33026087999,0,24712.37248741266
57.47644902049583,56120.34777400695,1,24915.879721092075
49.13623261494806,73817.5214393446,0,22447.50651131212
67.9784688962893,60906.668150610785,1,26512.163756694787
27.96293738359,43662.1297912869,0,14083.220644490611
67.05574538772706,77848.65873290916,0,16830.752152450194
38.87478442394098,46434.210786315765,1,14961.325879971962
45.47674713687731,40954.00643913189,1,24923.153049068802
24.382444616304063,38018.87395576889,1,21477.08605525752
46.08558682393313,66750.71175002433,0,10156.860541193673
49.78275109662606,55600.02551886439,1,21765.233110530713
69.88048017404324,84246.82267758422,1,25246.059300140936
68.71000537571938,71734.35195048124,0,17430.278923367692
68.25265917746293,57678.24022479664,1,25842.554334749497
36.116179125306985,48568.852607304274,0,17784.935747618867
69.54585793474226,56240.747785952335,0,21791.55873196466
41.68486388294576,44158.101634985185,0,11155.220690492497
62.295485455618824,105938.58523806698,0,25627.261514606264
29.248638388986542,54810.56429483138,0,9530.903239375943
44.303325342143324,60762.642561138404,0,16997.500828195516
68.23262899863548,57884.5113462371,1,31417.305436629475
67.24563264001823,79318.6569828199,1,15995.193929781495
53.55421364671419,67771.26284128647,0,21474.23050617165
59.48634477275911,78559.38527995726,1,17057.93287469521
27.174188223324872,61918.235595646926,0,17768.299756951976
55.526244573176186,42972.229405612874,1,17217.34380583222
50.13864203343936,43970.92612402061,0,8336.464131057513
22.760690259064795,31342.466974896033,0,11162.7308847463
23.884268342663166,32502.727738007216,0,9847.976758045408
23.639068123065616,45054.057704136714,0,4237.2848802185035
55.66656061115145,52165.245784617546,1,15084.837914850075
25.369190828873766,63410.58082206207,1,15477.488810524548
42.32207809795246,70207.83786979261,0,9464.76465571377
36.5630539056434,48216.911012031305,0,6826.9370177136725
46.62621532005133,72866.36982152356,0,17189.983998269792
54.736777335408945,72249.73494010649,0,13342.970789816954
53.60557193550927,52295.72037598205,0,18083.382874832772
44.807035627547585,32311.36437351818,1,24643.26154227872
42.145413427740046,48893.022864262726,0,12575.607897471371
38.686410946357455,42896.984162394,0,12677.735915438814
62.81931731182773,63474.714907372174,0,29001.818617280198
35.204293853377536,48494.42979543626,0,5952.2961633323985
31.487022700709733,46373.687939347146,0,16890.94930998037
56.6524056700741,63563.0502488287,0,23041.074148460102
36.70770000822978,36228.630533278105,0,15235.98975084268
62.04392718737796,65135.56636938606,0,25381.081328077355
35.05021336913153,43128.945154395704,1,17725.81201905897
54.50113087787859,59250.387437576166,0,13910.617441336997
20.345668326837476,49746.93261574064,1,19516.693383044396
38.04926976573664,36780.63715065802,0,16952.128726777602
35.847969098312674,45111.048022460636,1,22207.26812937504
60.46729444234801,59048.304880885364,1,23220.799788154323
68.28688096787212,59000.75076822965,0,15976.478702330756
41.965826388033996,59981.20815534657,1,20348.09736369951
60.891486411995416,53241.85961799299,1,27213.633332037563
54.38412444978299,51638.05823046811,0,21162.389662303234
68.30407135851205,57052.84434973538,0,17217.718071302974
60.17764274582689,71009.37548730145,1,25713.33057853247
22.028859430113986,36089.98859093482,0,1470.8792226864998
55.09064956387628,62145.7786907737,1,27157.458296881883
45.84598520196343,72680.04361328245,1,17520.657618095614
18.854675012481014,38679.15330273466,0,11565.127130627407
31.06827385372307,56654.74372719311,1,11132.606256513118
65.93127274139843,79679.1772116305,0,26311.251801612776
66.15519138491115,73349.51129285971,1,27175.165356382055
59.540223930432994,59602.09880543909,1,18961.466188545775
69.05253937045545,70947.34727521386,1,29362.024507015103
59.940351680458654,47096.38990887588,0,13745.900867952665
18.53061773883275,31464.877287916854,0,10600.386463783878
32.967385695678615,40436.94103152012,0,9266.613865384128
19.59245747636367,62202.34993992465,0,1533.490861116883
22.893614374353092,33320.96204462387,0,2998.7378769283196
29.379722481440353,36415.09372810188,0,7365.380325661838
44.18504440892717,41653.31240197376,1,24843.285240725698
62.071664180024925,66633.94970932008,1,28583.445959583118
62.82227132016962,62837.349586773635,0,26967.496284322
50.042496644979416,65888.83809275535,0,24865.559218420713
66.26514883144422,69845.17107649565,1,22563.792850983835
44.00324098269082,38197.72202410473,0,11677.98610015449
64.22987429492649,54042.15944735954,0,16193.79118206856
41.61139332926463,64458.984147390525,0,11410.624054086597
32.41570038593788,44174.867747200886,0,1693.1533052253744
65.65347174122223,74702.65405079124,1,25527.22116323936
38.1726239353012,47589.502488497434,1,10965.647067354434
44.17701365991201,42411.942547070794,1,17905.737579017845
35.100752891595214,44517.76866913054,1,27050.78149304702
52.46755521511795,46553.27965206202,0,12602.113526576248
69.74162370031384,59215.28422613268,0,20843.723190816374
19.32670454096802,41672.60933613648,0,12565.843770853666
64.79209631236928,67512.09905987485,0,21111.08562829088
18.204154963441802,23200.16424917792,0,7423.268357317632
36.939849819602976,48296.2448347105,1,15405.582278951246
26.767553927054742,37517.619607929846,0,7945.882870897769
57.38177259497267,52206.738207898205,1,16896.97572884521
20.63176371937302,41642.72805101728,0,12520.850593423369
46.781217586385054,47886.09006630041,1,10437.394240836571
33.33615895995626,60489.45942844487,0,17571.61942674675
24.95085294096451,54356.04523299286,1,8407.283187765977
58.13454702933732,70885.55645408905,0,23528.501421659632
29.30567538127335,39703.73573573366,1,13062.42101876713
29.63111102685682,35190.56716423518,0,3285.9354811294797
32.303992827171996,46972.29570746716,0,14054.521361579296
48.511871719057424,52752.45219666604,1,24621.457238856965
52.30262844791891,50063.08259972581,0,13276.44070903868
18.91533123246994,27700.321149565352,1,15156.15110484519
30.577221077917095,44873.430846277835,0,-822.635173135548
40.410483810274705,46164.54740261262,1,11095.5700535832
35.26280151238412,54514.87112657225,1,23966.092067477693
63.976874242566076,68639.49763649784,1,23540.97824117342
58.960854006093776,70488.42505727406,0,9529.946674701925
50.54629120801903,42680.190085209135,0,10882.946347914753
35.57820563184607,51799.68589285936,1,12678.607353029744
54.43496193200031,49942.82390366343,0,15051.466119401784
61.86917666798131,48730.44622587981,0,15393.125037146005
48.93117962266731,50179.56744184656,0,15698.85131340892
58.79199627845571,70083.04794057403,0,18419.373791685673
56.95345799278689,54753.545460688605,0,23664.74241981133
47.73034018033675,69519.7166897595,0,18620.78270364165
34.23352727471857,52605.54879256262,0,14395.618390167905
56.78067221606614,54449.431318227296,1,27626.863194508565
28.753411050595535,55977.18981436185,0,9404.557439407385
58.53339401651976,63720.664729402735,1,16769.3580594518
59.83642799141172,50592.62011123879,0,23061.39923256747
60.7515337376594,78963.79322463485,1,25725.89481053593
42.591630490879794,53890.60347630466,0,14604.142485301069
28.008999924061925,44192.46188188588,0,6854.396565349793
23.185627203435573,33037.48690266163,0,4856.59746543539
56.65478502537206,70122.77518876341,1,27576.84621780497
64.08559199555029,67215.55027138822,0,24461.952416936932
51.84359465951915,62214.179132711986,1,25509.25387390832
25.49632314019522,37672.84813483993,0,12831.357468750411
66.61461532291385,71648.3133805576,1,28332.902088937324
69.43330475604462,73834.78831373033,1,26927.75343297274
40.53568771661594,43580.061470496745,1,16588.24526876796
48.9309150422361,40295.55612430814,0,19867.357870585798
58.4158830400862,65021.67211343234,1,21316.739466908308
56.292269082602324,42412.66504524376,0,17349.616390448577
68.32493398053936,65682.62476864747,1,21213.184283201386
23.973920736097025,37514.50932017544,0,5249.739894984697
48.1976930394259,66285.49862760217,1,20087.315631359266
53.980433823000794,53061.77800382832,1,17082.572681347177
64.28511805775884,73215.28874891746,1,29167.811613835016
63.453700641343836,56584.75587704166,1,16609.044458247787
68.85598926518708,74427.90468318964,1,26710.136438261747
44.62807960475931,72917.45524074798,1,21879.901929237567
61.19956507428778,49919.31115348149,1,13177.846238607302
40.21864882262104,53029.6816286196,1,16141.578824768121
39.96032164851368,77467.98498335748,1,22017.360518279198
31.17411495258867,46252.94574532355,0,13003.757531520429
60.54833892499995,60892.05216479646,1,22177.33695847881
69.2623855023028,72516.18222466159,0,24488.5363453303
31.32976987405741,46075.69357797625,0,10326.942046428903
20.91884257709576,23387.16134284235,0,6590.74921007867
60.408206745788384,71526.97712128358,0,20492.608406218802
50.25196273180732,35096.49722725173,0,18195.04041275748
67.90433762865223,59784.252302942696,0,16180.702743947055
31.116439392001517,57632.47718756724,0,9552.42623456554
21.693438216066617,37281.29482160545,0,4722.334666727794
43.60699756505808,44866.533857885,1,16547.06431809045
22.44423319418767,50014.75564875944,0,16621.493494112303
31.613080057340788,37295.39216032653,1,17915.781824149923
24.55084876259675,30053.16718537884,0,2260.037745213025
29.65487334232409,47572.57654609488,0,7685.997495130932
23.519521946712377,39930.52798923028,0,10560.793309647515
67.60311197021883,51364.824843220995,0,14124.565973702014
32.48526109938624,52612.15594964183,0,8131.567610767646
41.0826744716134,55186.213291579035,0,20459.954554351327
64.72781399697956,58766.35683243346,0,15755.320340273325
53.22072257399667,53697.04122574887,0,20787.182717521155
50.13794898921226,59772.9019146977,1,27281.495936966916
54.68928589876353,69248.25714690243,0,14195.37243859813
61.098757369479856,57721.446583646684,0,13542.083349474935
63.63880192829157,68366.28589422723,1,23183.728542675213
51.417262874581375,61360.63360813668,0,10976.377332361819
64.280378284091,70933.26206913526,1,25554.57125624544
45.8406714261248,53313.42770049705,0,13471.217496007732
32.41912452595802,37086.307122315426,0,11995.355696854655
63.76398886195991,57257.00289898026,0,25463.215343454114
46.15658702548053,56506.82817055675,0,18969.425126003378
65.11915455349619,80744.22106056403,1,28544.451893817422
20.088726325430223,35204.166930752326,1,2707.9198933216867
38.67081908014425,57383.283975346116,0,15689.372124075338
67.28586095484835,60362.365970656574,0,28106.547091558074
30.981804823431744,46595.589970577224,0,-4196.692619823512
66.95988479400161,78633.90988963674,1,29702.280662642122
67.602927978721,71444.38980356483,1,24868.231702318364
63.871400339744774,49522.70744246282,1,18477.575797080513
47.31073834485153,47930.61893430986,1,23260.852481961057
51.6408513521932,68382.6391205102,1,30714.963685526316
63.2200839193932,63028.82238598155,0,22823.052666665564
58.34664828423759,47684.92294596016,1,19581.862195135905
50.764880171681405,47192.91563610349,0,10154.918475905848
69.07748920927654,71573.67983174999,0,21696.003993978025
53.655185089352095,66771.69535685235,0,21774.053015463593
68.72506360728357,64541.08481846353,0,18263.85607213443
20.98420067956872,65245.23834914538,1,14269.4490125743
25.22593927859505,50854.49327385391,1,29240.638432296393
41.47585999202551,48303.11929968375,1,23518.743658172105
38.013731965984384,40849.80550199875,1,22438.370335364914
58.702211750565446,49602.26282889231,1,14399.23910270826
26.351929376398594,46530.17789300299,1,11387.460268112716
68.7569493137974,59490.70420776463,1,25073.86848080714
34.38342551356753,63929.15029661801,1,13263.91234294956
40.30403280248829,64815.13443042273,0,22544.306497986403
32.28674168688119,52474.03631841287,0,18756.313502170753
48.12690810098046,42273.49232092127,1,16185.004165367951
21.048692421974366,33802.15748546313,0,16509.54726597861
25.783230289663337,55448.39040224267,1,15680.224614557224
56.78148057777366,52760.0782909358,0,29579.252531593556
27.698030337049804,55070.43250772014,0,11770.079970807157
30.246751480946468,49869.41497082084,0,13917.255544913489
59.23507625769156,60134.71697697765,1,29860.004155083872
22.851661274577186,34397.50250793418,0,14398.249254747901
40.748638784083724,49431.880956794346,1,20646.576183175646
19.199296123855802,41496.127610676886,1,12283.77038861967
36.033984764531,58342.38136527671,0,15611.698589399466
54.34703293575923,48316.160461542066,0,11620.101773925478
22.68537054529587,38714.51684738678,0,9169.194388118432
64.19340059249552,62544.931615570604,0,13546.635617566191
65.29395023291724,69273.75869332027,0,11081.757715513966
23.459499506507026,32645.106378025746,0,8208.544359801195
69.51808669154039,51593.345416898046,0,25374.341333356246
33.47153677656542,53475.419905383205,1,21670.8725538317
22.373286898843514,26007.152299954723,0,6665.811131136134
18.263489953857636,51981.542124550506,0,17585.800694104062
39.24319057972085,48062.33431503135,0,9809.564593214438
50.75011925671812,39899.748805614596,1,9550.835422914972
35.27332099497229,42832.458303451196,1,5427.40355833477
61.50930300468038,64545.88783303256,0,12850.494681260749
55.26352632938261,52304.75228914153,1,25366.30421110182
36.2083996623377,48304.49731941232,1,13898.11624707184
56.184102663647444,65492.83498887659,1,25090.897240903658
66.90536232240099,61430.7778073243,1,32755.56716313251
22.84099192423689,32049.919197457108,0,2272.7054917040577
33.917405928196075,43968.862990379625,0,13572.866143656629
42.09294883406805,65194.87578162663,0,17632.892708254887
43.89548664324796,68798.38677495581,0,11355.246063779658
46.19417353407583,32897.82502761517,0,19299.671835802095
33.632599140009724,57726.57866191963,1,16060.642416446526
52.69750159108215,58850.22795589464,0,14505.758209240848
51.54439418355115,65012.023882977075,1,32368.147317097806
48.04671832612392,48518.476560385665,0,17075.025033096943
23.915609528965582,24275.16966946793,0,11837.091621167401
42.802330336989115,57246.05305496917,0,21059.536030503936
36.52379814944753,38852.1264618966,0,7937.6022787830825
43.53400043158238,37884.07590094266,1,23744.313161679136
65.93705464678135,49784.513498656015,1,20656.39170423352
42.98762984423723,57502.95274627196,0,11624.704296783157
18.727001175654614,40758.02524811928,1,11461.20289840217
40.81951038037481,58234.41540893414,1,15877.019442243603
60.67370536256787,67027.60522624759,0,22948.283758424146
58.56316800734475,55072.24835783472,1,23555.9117129777
44.696283823465414,51643.406172958144,1,16647.475308903333
30.987988668684395,40379.619046516804,0,13608.084804162669
42.18461047155635,48989.02750712326,1,16959.912658091864
47.31251540974596,43983.71032506232,0,12220.522262632043
69.99331479025496,68901.50033387083,1,26132.232415945793
51.49726068880762,66499.83783422137,0,19266.737699514746
54.1017763632559,48884.75788341808,1,22658.069307880087
43.5556154655387,64590.50418678277,1,18353.927600521867
36.43345664069155,49351.94328512519,0,16457.44169384784
60.27355514965471,62547.56733888549,0,17197.49700842121
43.73648086564028,34873.945236744956,0,8959.768253758955
69.7238867581553,46789.32028342031,1,16283.601136136336
41.770269861938296,52326.298558765964,0,18502.576233259362
21.536014749674024,48665.32862115709,1,14235.68619302055
53.4940631286843,50033.22712789263,1,21756.4971310787
20.425355448142177,56913.61672990198,0,15005.447341116214
31.026083038004572,52862.40126154544,0,9104.425575766378
36.39438914455497,39113.78205519763,0,4318.259792060114
56.453146452309035,58535.05989668959,0,17493.038791206858
43.700268173195866,76619.42542383206,1,22941.803937423854
19.489588428133345,27319.154186069616,0,5315.587773431766
50.07619226634795,60320.79552232503,0,23416.00589588294
39.394684346186445,46469.8966458598,0,95.0936952164866
65.93539451828957,70036.66016832991,0,25791.02810998982
43.97724017929224,64661.35655282994,0,19217.35194296257
54.86670758884563,53570.98290730914,0,18614.293697002337
29.381161601136437,55879.70351763996,1,-215.30507535419747
57.570625355645966,80997.34662054258,0,26033.30364953479
55.48967614515096,58407.58544601783,1,16806.523220452546
65.01224884414803,70355.01129701587,0,17499.491006614262
19.75872536939836,33974.95498266644,0,6496.277248195973
41.27003627610746,50827.61122836586,0,15373.858551317953
53.316080942460765,54891.28954414796,0,19349.4853538697
22.94852280417118,49443.62065867155,0,13998.269398297874
39.35141149174345,61722.465103440976,0,18121.79635908537
66.99162335944216,62399.26318854649,1,25902.887011808714
40.66859352633867,65670.52522049856,1,21780.384522605542
69.24104874099284,79920.9987861127,1,21386.541047698604
20.95563117615062,48946.35301987432,1,10330.627503122447
55.327148359326344,52503.30886244589,1,25793.06167648402
48.21284428491001,47988.13397505598,0,18627.429688131007
44.02806321087052,43890.21805853487,0,16813.631530249695
68.48406487722049,73733.69314099185,1,23498.098481260644
24.74182082553869,30253.2283378757,1,17526.147658613787
64.5919454874075,69064.34928481383,1,19018.60176356109
53.944501379103734,46161.15721131074,1,25791.815046263186
31.4677958115809,53969.35910421018,0,10386.141066507747
64.88679557287925,62615.59361374524,1,32659.77050765354
40.32333572877269,63498.053482984615,0,6807.262033725575
60.33982105979968,71584.45631311255,1,33043.430072863805
38.2194988864648,63460.403563253516,1,17182.618487801003
62.248403026528536,75732.3886961554,1,23125.523194862526
51.10471415914253,56988.665419453246,1,21894.003468701816
25.334424946353813,31079.28180893086,0,4689.418606160365
51.782484500415435,45366.01170023393,1,19531.453063594945
27.949927660497377,23106.47853708931,0,4212.502059454135
39.41997665049646,38873.32999096729,0,8266.010674300087
26.855370381105754,44115.921767599364,1,17217.096004483945
19.144838014690166,33975.87719909346,0,2718.7278463298
29.01810005139779,42707.69398160038,0,6233.418233412185
45.89134523365454,57872.82681144128,1,13101.59547914299
43.04117032442199,48479.93258155341,0,10936.573923233043
44.07784896787531,40820.636479811816,1,24455.643590175856
30.87971767922327,44907.52216397731,0,6437.027551727541
53.62838243193768,47829.286348240385,0,11850.438795275368
54.62169091465798,54602.98048753836,0,17354.245964093112
36.61432692910261,61734.93310878134,0,11642.376527701022
63.82084460065707,59205.36925936678,0,29825.47801281634
51.489207265048485,73454.1791660017,0,16830.619546228583
55.078042313448854,71855.38102610412,0,19877.23829638704
32.42167573282485,40417.784780621994,0,15244.95754862378
18.031805028090528,27904.664849887507,0,11019.716819921108
62.999531829309696,60974.224295452914,0,19863.766703194124
60.76606799815004,71916.31163304391,0,18539.207329504396
24.405978178227173,37301.080026826705,0,18731.44632022439
37.45346701772794,57807.636491485355,1,17772.65567612279
52.38964403620629,68279.22190946403,1,20097.40047604526
51.90976457537386,48214.625784060874,0,11974.170552010768
62.73821741004494,54608.5978221366,1,14374.487250688868
25.293944405042286,49773.592523791216,1,19144.226894573396
40.356866884826175,51696.90893882879,0,1500.7222853439816
23.05566973217409,34667.21960065025,1,13049.241701975237
38.25895291880866,45607.671978208455,0,11188.254610225653
18.78558717056063,38687.59805800612,0,18825.703201069977
64.7101993857266,46706.555443308695,0,8454.439277908057
45.40628783509142,60359.57498237266,1,15611.698630333765
62.18971756172239,56307.93689146928,0,17388.25490808316
21.115044452174914,12720.35998810647,0,4507.398201899787
29.827821744591873,44675.201189201405,0,7685.361513788291
31.487759751501393,38328.16728681562,0,9725.429131971003
38.10795772121698,65942.20078363526,0,7917.997978258215
59.7490513646724,54020.075473136516,0,19137.782215222825
38.101009434037614,38074.071081232694,0,-179.81771545709853
28.641983541609005,49400.31847042466,1,15539.581775977982
21.379493537615957,34085.273088732145,0,4682.64254507854
22.13357091433975,33272.223444647556,0,12835.376241115884
57.52245470997082,63856.241183229475,0,26666.670413483633
41.12975553390492,40160.204688056794,0,10586.710731834875
55.761418344000795,43307.97259000587,0,22436.710573507902
53.47893033171227,73999.44518679951,1,21515.149181870354
25.038848011533403,48314.411381773156,1,10008.578124838548
25.430172577997894,40072.9934390553,0,17822.85202043321
57.27778480257496,58604.120304268115,0,19919.851214611837
55.5059512612417,62811.6192117824,0,17404.544786475653
37.657599877464136,58562.174434866276,1,21823.6247944727
22.025957693307685,33453.22593350372,1,14121.589307662745
18.629097128319515,42976.013823816575,0,7677.323768337971
32.98416137201073,41425.03892390299,0,4107.162030252463
18.4795582265358,37349.96666814166,1,11078.224626314994
29.963776297392577,46588.81682334533,0,13767.914059105413
39.8140384909896,49840.23351496807,0,12332.973921260675
24.31361979622162,49512.47888113653,0,14325.600653009908
23.422443407240404,46582.087294776145,0,11260.97253025964
64.6147466573743,47225.68123496538,1,18254.835864544366
48.44444150919024,40643.988683940705,1,12157.427381071499
66.59169571166464,59598.68100823939,1,23492.31474350603
35.98296051685532,66277.73288284591,0,11203.223151132719
53.21153674111648,48089.850045542225,0,17132.90140088595
28.6439670803331,42239.75644403902,0,6362.080766656873
50.15369649855694,49713.38797971325,1,16925.116468908327
24.738457960519188,36828.78513937879,0,13895.91869401628
18.10819323716686,40836.49405763398,0,8446.30289633626
66.43965367329811,77227.59959860556,1,22497.055367383713
46.854507561110886,57986.93777936134,0,15257.80433383341
66.20091446466606,55065.1476180621,1,30641.253869747834
35.35923923250775,75211.91472428595,0,16061.972760303757
35.04487559641135,48308.17000781694,0,14804.546167189612
38.834060092197646,43644.82048227769,0,8370.121384030086
54.71413116582475,71478.02932968826,0,23222.72605180678
47.42204897768106,49020.31830940234,1,30976.952928795457
66.11845516915413,79688.36413445149,0,17235.18923471171
19.322926858886845,30955.035519776757,1,6050.619051895098
54.8261887745719,71713.39827649965,1,24014.288801740084
35.177039847060826,49598.99656634736,0,16372.832875268954
27.372149894559982,56596.59727430433,0,10677.141346091123
44.540572371045144,71287.94327253802,0,10770.87682124952
44.26331677735979,40805.58548346735,1,17390.301094916744
25.124573491798277,55320.00495348236,0,13547.376557595166
28.49859491891027,30160.258415201086,0,6680.5856905718665
39.224562574880856,39140.43773495815,0,14795.231377246593
39.2581934444004,41595.00212427583,0,17834.692827507213
34.513023260223605,52292.87799189042,1,18333.045580086
25.72434787851901,43192.332708608104,1,14324.36399017315
18.227431313250936,37442.35481499711,0,11536.441370281307
68.45222324625708,65688.46441335215,1,20978.786953400482
67.0619599446042,69443.87586523683,0,15583.23040697991
43.149819717159026,58257.391097993044,1,18122.841628586186
69.7426911703003,75813.01394130145,1,24070.442354117873
53.03002520067665,74715.36072801272,1,19060.831236484224
21.580591955592162,40576.67225338131,0,17526.127991450434
24.121346352296623,36849.783554839145,0,19369.213673414695
65.63776388122116,68954.24323246247,0,18254.451888212567
50.76271451178068,43938.80909324414,0,15005.018560422377
61.84554858618226,54135.73297197502,0,16843.468914115
64.7100217809599,72348.82035440786,1,30714.38259222355
41.29298458668408,49405.208545165,0,19727.345581053552
20.52334948198804,28179.750157413633,0,-1963.674081309261
27.790578142660745,28997.25841767863,0,10837.89547062814
21.461741259726626,41218.03742380138,0,1880.045288519722
27.81447197632238,55326.20135784129,0,19886.875320424995
39.347712175705595,60959.31386316466,0,16166.713972509573
24.146234146779243,43181.92210231799,0,5030.691347774468
26.67012888587785,63424.1586339002,0,10469.834700876325
41.18273266772732,49543.16267445903,0,11745.976509660577
35.688889420201455,46458.768476126614,0,14409.21944608203
42.318222457778134,25484.752131499066,0,16221.682725592924
40.316945443471226,45684.84323012346,1,11890.836951848041
51.51285735095394,64276.579024561914,1,30924.00187720755
66.73385654154443,79006.54163936926,1,34275.87601135003
23.608945599100608,33502.12646287746,1,8695.383928152642
23.161527764078137,46203.287174969555,0,9616.64324212413
62.34591777672691,71641.74921159634,0,28187.401197076593
44.332628641927876,52278.39585292293,0,20258.958247065282
57.853061225558996,36093.72603750719,0,13496.26969862304
29.201938987578632,47073.86948953184,0,14619.473819308278
61.10085380471269,68164.73314296528,1,39022.63553383476
66.04002445802018,53545.783278825504,1,24088.383128742647
51.04511680841739,52981.01309546483,0,12343.883414029866
23.505709116637718,30197.894137031217,0,8583.030497487662
64.55533033612961,36576.189682261276,0,17801.44551293864
59.20936182324371,69874.72502949841,0,16206.661172598091
57.04564437875347,58485.33685135822,1,24465.7878999576
19.90986582310761,55931.682878603635,1,8303.13615384438
59.546051313362504,68346.24757574302,1,20416.16568520341
25.173452544354564,39044.6286555228,0,12730.377255197182
29.564081162238196,43950.23398007501,0,1533.485372743884
48.011011413201395,59667.279614302424,0,20084.768204044405
31.77900019167792,55558.33426339639,0,1851.7266361467064
52.39010672821983,59421.75967153003,0,7763.574418415394
49.61966328035224,65865.76309307097,1,19015.61525009812
23.623779096689656,38845.202181600114,0,10043.595251594694
52.11275813875833,46084.943601522304,0,21657.36400354084
66.04565531089636,62374.735119836885,1,24734.718389960937
26.377715069663324,45240.7064421935,1,13566.845620272066
49.04722508903014,42508.2585971222,0,16958.17711744227
35.776999340708095,34521.27882888782,0,6253.033648690729
41.899806932227406,55423.76643084798,0,14619.41382626231
32.924009312106435,42398.43614234898,0,4827.414186879386
36.41479309008015,46548.987488420054,0,12350.809951235102
19.503414809860978,36154.780747922254,0,6866.979407517404
69.04069037169548,79726.35420347986,0,17759.433887439995
50.48959594778291,67862.40957784146,0,17709.363330029424
44.036690705682034,39644.80845244934,1,18564.567252179553
37.95319817401699,43648.666956204026,1,22832.776392119475
46.04747705884944,61523.78120912065,0,7333.706517368013
37.76551193322181,54902.118337643326,1,17663.06968192348
36.71521222967101,47943.026491537654,0,8336.03309657057
42.12522016954468,39686.60803512999,0,16742.515128303396
32.35111775090192,39350.1584139155,0,14174.7997175326
27.362594798272845,38513.621723673525,0,11863.280357365027
46.94350670537526,56241.69666387864,0,11493.704717115603
61.82380267981566,77949.1728868802,0,24587.03073935163
25.9470652417464,36104.73027299192,0,1149.231431931813
19.702185711419368,29590.740380157284,1,3222.957662335746
30.83421074800988,44331.24060572551,0,4220.611210664907
68.94547345959816,74790.12653493967,1,26100.73329377907
61.09541983465365,46078.88024971979,0,20202.79399684418
48.98503478348702,69028.858900493,0,1819.730476699082
