unit_id,time,treated,post,outcome
0,0,0,0,9.25022412496819
0,1,0,0,12.114543462301302
0,2,0,0,11.172126309589382
0,3,0,0,10.401498150546209
0,4,0,0,10.560843285976421
0,5,0,1,9.082793303664975
0,6,0,1,9.734771247775297
0,7,0,1,11.44139911032176
0,8,0,1,9.385470660826467
0,9,0,1,11.0611317569488
1,0,0,0,8.622959810562941
1,1,0,0,8.80184158752499
1,2,0,0,11.901384665586317
1,3,0,0,9.988162853759675
1,4,0,0,9.461500113005659
1,5,0,1,11.362740826998962
1,6,0,1,11.245821554963504
1,7,0,1,10.920754565257239
1,8,0,1,9.430102080587893
1,9,0,1,9.713082424062325
2,0,0,0,10.31162882372473
2,1,0,0,10.694399342147237
2,2,0,0,9.491516425981462
2,3,0,0,10.170737110620697
2,4,0,0,10.267391300797406
2,5,0,1,11.286769756375254
2,6,0,1,10.75446582893512
2,7,0,1,8.49319835516471
2,8,0,1,9.786369691514615
2,9,0,1,9.071216630016584
3,0,0,0,10.568087420611674
3,1,0,0,10.923153350505045
3,2,0,0,10.101555985610245
3,3,0,0,9.73187296937215
3,4,0,0,10.069169793035984
3,5,0,1,10.208919273477756
3,6,0,1,9.359900348283093
3,7,0,1,8.781288899230635
3,8,0,1,7.949860957444647
3,9,0,1,11.267182131738885
4,0,0,0,10.496366243634967
4,1,0,0,10.362511011344173
4,2,0,0,11.26519888795295
4,3,0,0,8.744531990307582
4,4,0,0,8.26436912414498
4,5,0,1,10.38423191651909
4,6,0,1,10.29327137544343
4,7,0,1,8.268693190327246
4,8,0,1,10.359521062140471
4,9,0,1,9.599777047600432
5,0,0,0,9.192911940262418
5,1,0,0,9.666576291717588
5,2,0,0,7.55847142908153
5,3,0,0,9.408625776608062
5,4,0,0,9.295705430515795
5,5,0,1,10.55710244693614
5,6,0,1,9.841769863489114
5,7,0,1,10.63886887367888
5,8,0,1,7.450460655263319
5,9,0,1,9.160901777428952
6,0,0,0,10.555997051571444
6,1,0,0,9.691135369426846
6,2,0,0,10.845460532974368
6,3,0,0,8.195397090610777
6,4,0,0,10.731110839689475
6,5,0,1,9.36086078221496
6,6,0,1,9.263802915617326
6,7,0,1,10.991047046927452
6,8,0,1,11.161901129956506
6,9,0,1,11.034699696087282
7,0,0,0,12.038641925048266
7,1,0,0,11.266803608443334
7,2,0,0,9.204563416267701
7,3,0,0,10.14163812813565
7,4,0,0,9.639802091515065
7,5,0,1,12.029089859949066
7,6,0,1,11.10486995469871
7,7,0,1,9.811119863286544
7,8,0,1,10.877909797753002
7,9,0,1,8.767801533686896
8,0,0,0,10.250261737645474
8,1,0,0,9.062077507396916
8,2,0,0,8.311407799372592
8,3,0,0,10.784536237529833
8,4,0,0,10.908591095187552
8,5,0,1,10.457212636211986
8,6,0,1,9.817032959433499
8,7,0,1,8.73364134515359
8,8,0,1,8.838653129282752
8,9,0,1,9.030720020261203
9,0,0,0,9.766326708275077
9,1,0,0,11.076178733604914
9,2,0,0,11.060404211078653
9,3,0,0,8.351432400387123
9,4,0,0,9.306766663283053
9,5,0,1,9.279838980428162
9,6,0,1,7.468416871498754
9,7,0,1,10.566120946949908
9,8,0,1,9.753840175681479
9,9,0,1,9.886857463369024
10,0,0,0,11.34587105837564
10,1,0,0,10.088309013284357
10,2,0,0,9.569269535033982
10,3,0,0,10.572077621004944
10,4,0,0,11.058871846575562
10,5,0,1,10.296467566049225
10,6,0,1,10.689189598698148
10,7,0,1,9.854432350257115
10,8,0,1,9.918142253640337
10,9,0,1,10.113020710298828
11,0,0,0,9.246879049567339
11,1,0,0,9.4319383856304
11,2,0,0,11.377879641818474
11,3,0,0,12.00795609586232
11,4,0,0,11.59219791403818
11,5,0,1,8.676742643231453
11,6,0,1,8.580142465415028
11,7,0,1,8.80929056805484
11,8,0,1,10.13438744187948
11,9,0,1,7.191275407642337
12,0,0,0,9.4111984333805
12,1,0,0,11.407099289161113
12,2,0,0,10.982438830728908
12,3,0,0,9.490905349426493
12,4,0,0,9.566644558829362
12,5,0,1,10.567241706806904
12,6,0,1,10.935268755244199
12,7,0,1,9.466862732260239
12,8,0,1,9.765633978280562
12,9,0,1,9.433990271479978
13,0,0,0,8.668650558624787
13,1,0,0,9.780256251978185
13,2,0,0,9.704072459791236
13,3,0,0,8.739355884011344
13,4,0,0,10.646080937637729
13,5,0,1,10.483320678625889
13,6,0,1,10.695719700845077
13,7,0,1,9.231929644535631
13,8,0,1,8.016424321885353
13,9,0,1,10.467331129645649
14,0,0,0,9.335887285370287
14,1,0,0,9.1093318667543
14,2,0,0,8.742946925356557
14,3,0,0,9.724677471912846
14,4,0,0,11.577327297050473
14,5,0,1,9.494550478644486
14,6,0,1,8.910196955833067
14,7,0,1,10.651933401030028
14,8,0,1,10.172812279771284
14,9,0,1,7.880698632311793
15,0,0,0,10.662346319753286
15,1,0,0,12.1284677685016
15,2,0,0,7.399464072570977
15,3,0,0,8.764293975977877
15,4,0,0,7.151472911348394
15,5,0,1,9.924695579259165
15,6,0,1,10.990386236611354
15,7,0,1,10.10550074979628
15,8,0,1,11.39199569811267
15,9,0,1,10.830550290330134
16,0,0,0,11.702147323502176
16,1,0,0,11.160210768107095
16,2,0,0,9.597056931390496
16,3,0,0,10.06672645623484
16,4,0,0,9.131323084519027
16,5,0,1,9.769343831131952
16,6,0,1,10.06183167201812
16,7,0,1,9.915092676464646
16,8,0,1,11.34225352630361
16,9,0,1,9.66983193749317
17,0,0,0,9.067913586442643
17,1,0,0,9.130388965096813
17,2,0,0,10.655100271622532
17,3,0,0,8.596861591911
17,4,0,0,9.798813829849083
17,5,0,1,11.327500245455422
17,6,0,1,10.29259844574083
17,7,0,1,9.925394610881245
17,8,0,1,9.96408959636157
17,9,0,1,8.970435407772827
18,0,0,0,9.142865289565458
18,1,0,0,9.804818327085423
18,2,0,0,10.271273030109294
18,3,0,0,10.948150011802111
18,4,0,0,10.092560617171435
18,5,0,1,11.352774175754249
18,6,0,1,11.605198015209526
18,7,0,1,10.795267212482203
18,8,0,1,11.224981408055884
18,9,0,1,9.009286478611905
19,0,0,0,8.850801065311938
19,1,0,0,10.517973376290165
19,2,0,0,8.658790188132953
19,3,0,0,9.709628155984067
19,4,0,0,10.77119190532974
19,5,0,1,11.413372924685207
19,6,0,1,9.745784349711935
19,7,0,1,9.35005570469231
19,8,0,1,10.320461621511583
19,9,0,1,8.92645655647611
20,0,0,0,9.826721351706572
20,1,0,0,9.991999951723718
20,2,0,0,9.972016007329206
20,3,0,0,10.088503473817882
20,4,0,0,9.165485144427858
20,5,0,1,9.273007007381583
20,6,0,1,9.25288373896738
20,7,0,1,8.379905660804942
20,8,0,1,10.341830321846105
20,9,0,1,10.894657451692005
21,0,0,0,10.796310082853536
21,1,0,0,9.737503139539246
21,2,0,0,9.188994760536112
21,3,0,0,10.744314642362689
21,4,0,0,10.638923022374552
21,5,0,1,10.217420642436295
21,6,0,1,11.744311252423273
21,7,0,1,9.973574478632937
21,8,0,1,9.74311001607511
21,9,0,1,9.600182668925399
22,0,0,0,8.439122293519192
22,1,0,0,10.661339964142293
22,2,0,0,9.894514632842224
22,3,0,0,10.509931241356796
22,4,0,0,11.84187800209124
22,5,0,1,9.609248230095382
22,6,0,1,7.661991283208449
22,7,0,1,10.481070369510773
22,8,0,1,10.166859389892675
22,9,0,1,9.26754612402868
23,0,0,0,10.397266335621497
23,1,0,0,10.786096320104376
23,2,0,0,9.053390089788452
23,3,0,0,9.698668138596618
23,4,0,0,11.476753729848928
23,5,0,1,9.278377808770635
23,6,0,1,10.066669755413786
23,7,0,1,7.375588833956115
23,8,0,1,8.518154498918705
23,9,0,1,10.1575174973328
24,0,0,0,11.227987809585601
24,1,0,0,8.637970317998999
24,2,0,0,10.074564062060496
24,3,0,0,9.624282090946283
24,4,0,0,10.953088054992493
24,5,0,1,8.782196694677415
24,6,0,1,10.430077648367485
24,7,0,1,9.346309313003744
24,8,0,1,10.223038024826476
24,9,0,1,10.068931052308473
25,0,0,0,9.748220925857382
25,1,0,0,10.477811846269384
25,2,0,0,10.043652734302961
25,3,0,0,9.867193697923305
25,4,0,0,9.643583465977256
25,5,0,1,10.077598389745337
25,6,0,1,10.222043548146072
25,7,0,1,9.01085791991938
25,8,0,1,9.650528762082624
25,9,0,1,8.944814055368827
26,0,0,0,9.960154577219214
26,1,0,0,9.407667795145972
26,2,0,0,10.770783147981255
26,3,0,0,10.672726977756689
26,4,0,0,9.077251436435631
26,5,0,1,9.997692654601526
26,6,0,1,10.638516579248364
26,7,0,1,9.824691679835972
26,8,0,1,9.271782475194454
26,9,0,1,8.907596471955204
27,0,0,0,10.854267561578363
27,1,0,0,10.90271314828497
27,2,0,0,9.792052401125952
27,3,0,0,10.766137584526678
27,4,0,0,7.034789470114659
27,5,0,1,11.327554650709237
27,6,0,1,9.84305519472282
27,7,0,1,10.141776560799489
27,8,0,1,9.679482276334031
27,9,0,1,11.395707481867506
28,0,0,0,8.939268376044467
28,1,0,0,11.474460326606836
28,2,0,0,10.396270920945112
28,3,0,0,10.622664215918158
28,4,0,0,9.670795436671083
28,5,0,1,8.69178080210363
28,6,0,1,10.930510765536102
28,7,0,1,10.31140835118933
28,8,0,1,11.361623458308818
28,9,0,1,9.806223679784301
29,0,0,0,9.580768621101086
29,1,0,0,11.388088236640302
29,2,0,0,11.911894164497443
29,3,0,0,10.00934717636573
29,4,0,0,9.247242503142894
29,5,0,1,10.810530762789549
29,6,0,1,9.745979433829326
29,7,0,1,10.599262825400798
29,8,0,1,9.740724025621248
29,9,0,1,11.564014018211813
30,0,0,0,9.3005104949493
30,1,0,0,10.48052966252196
30,2,0,0,9.511298029767875
30,3,0,0,9.71849343857923
30,4,0,0,9.587944345239423
30,5,0,1,10.738608066093416
30,6,0,1,10.918363114933872
30,7,0,1,10.55773882893237
30,8,0,1,9.89201653325473
30,9,0,1,10.140180031001593
31,0,0,0,10.897721568459424
31,1,0,0,10.929311587207605
31,2,0,0,7.3097243686464655
31,3,0,0,9.727777828227303
31,4,0,0,9.775741208560515
31,5,0,1,10.669252564126161
31,6,0,1,9.933229182289255
31,7,0,1,10.719183380949287
31,8,0,1,8.921339228969448
31,9,0,1,10.26005451546078
32,0,0,0,10.900205653450493
32,1,0,0,8.525617130681852
32,2,0,0,12.513643468208903
32,3,0,0,11.19088593286652
32,4,0,0,10.001353302465642
32,5,0,1,9.171591892761231
32,6,0,1,9.824914849726294
32,7,0,1,10.08380235961134
32,8,0,1,10.440662556812047
32,9,0,1,11.500660849460031
33,0,0,0,9.523901530557154
33,1,0,0,10.56270983757256
33,2,0,0,8.707570837399887
33,3,0,0,9.586399285674732
33,4,0,0,10.376716847869359
33,5,0,1,10.691262491008805
33,6,0,1,9.24676752333538
33,7,0,1,9.559208303988086
33,8,0,1,11.460556635583545
33,9,0,1,11.161908619628045
34,0,0,0,10.208457217052366
34,1,0,0,7.763354846779285
34,2,0,0,12.511132547690009
34,3,0,0,9.980068438342755
34,4,0,0,9.687432941978674
34,5,0,1,9.477640074145885
34,6,0,1,10.376367037199108
34,7,0,1,10.38658258917093
34,8,0,1,10.950627873126512
34,9,0,1,9.073937835650987
35,0,0,0,9.687505121858738
35,1,0,0,12.030545723224202
35,2,0,0,10.224590633249992
35,3,0,0,9.827475626673253
35,4,0,0,9.058382234416298
35,5,0,1,10.505934305820752
35,6,0,1,11.031018217042444
35,7,0,1,10.874587645809807
35,8,0,1,9.741199136391083
35,9,0,1,10.361252283363536
36,0,0,0,11.67165943664861
36,1,0,0,11.070882292171468
36,2,0,0,9.21583725780668
36,3,0,0,7.45399493537853
36,4,0,0,10.296772507084235
36,5,0,1,10.798568126748433
36,6,0,1,8.910775508126738
36,7,0,1,9.991210477877223
36,8,0,1,9.736300934126922
36,9,0,1,10.104286322232198
37,0,0,0,9.455303712880287
37,1,0,0,11.290510997627994
37,2,0,0,10.147968880632762
37,3,0,0,9.12098311383525
37,4,0,0,10.91746215359372
37,5,0,1,8.735812404008295
37,6,0,1,11.284494377535133
37,7,0,1,10.991059424222565
37,8,0,1,11.389775295320787
37,9,0,1,9.841753627558385
38,0,0,0,9.503886020216623
38,1,0,0,10.084021760933092
38,2,0,0,9.915563213644468
38,3,0,0,9.347263714436487
38,4,0,0,9.446376685874357
38,5,0,1,9.633627152733537
38,6,0,1,8.829996313560137
38,7,0,1,10.677963289599335
38,8,0,1,9.947702862428994
38,9,0,1,9.691621530766353
39,0,0,0,8.889645839058323
39,1,0,0,8.839627022332536
39,2,0,0,11.935914050722412
39,3,0,0,9.37274253713843
39,4,0,0,10.610528394209327
39,5,0,1,10.162634469900176
39,6,0,1,7.224811538891897
39,7,0,1,11.792450823138592
39,8,0,1,10.684083978776115
39,9,0,1,9.23232984569519
40,0,0,0,9.971633495570405
40,1,0,0,8.850816632596334
40,2,0,0,11.826220478461133
40,3,0,0,9.092342291758536
40,4,0,0,9.476916003305341
40,5,0,1,9.270438921852408
40,6,0,1,10.08037940020917
40,7,0,1,11.370316500139314
40,8,0,1,11.789374449095158
40,9,0,1,9.601003855777703
41,0,0,0,10.378258982317922
41,1,0,0,10.081905412604073
41,2,0,0,9.018390735555942
41,3,0,0,12.422555574595943
41,4,0,0,11.362759562296256
41,5,0,1,10.189115849711035
41,6,0,1,11.581876093498988
41,7,0,1,11.212106712717805
41,8,0,1,10.081861341081755
41,9,0,1,10.325963605327994
42,0,0,0,11.512126142376655
42,1,0,0,9.05384641887032
42,2,0,0,11.673690697321339
42,3,0,0,9.774887439314885
42,4,0,0,11.524676742847568
42,5,0,1,9.994773402537179
42,6,0,1,10.337606222472973
42,7,0,1,9.96569164342754
42,8,0,1,9.468156377188773
42,9,0,1,9.729945101855687
43,0,0,0,11.379111403168567
43,1,0,0,7.6858360173275315
43,2,0,0,8.761034055195163
43,3,0,0,9.274528290641898
43,4,0,0,8.92165520756398
43,5,0,1,11.509979610415488
43,6,0,1,11.257676977853205
43,7,0,1,10.592031809394616
43,8,0,1,9.362195932522464
43,9,0,1,11.335051866794137
44,0,0,0,8.411870074004456
44,1,0,0,12.141982640147937
44,2,0,0,9.31537020282245
44,3,0,0,9.737964778158561
44,4,0,0,9.570656149505286
44,5,0,1,8.926892585901323
44,6,0,1,11.925113123936919
44,7,0,1,10.788894630784487
44,8,0,1,11.215470542079787
44,9,0,1,8.776330727939229
45,0,0,0,10.180937827004
45,1,0,0,10.521028689331404
45,2,0,0,10.270756523549844
45,3,0,0,8.839626548932
45,4,0,0,11.075500021130637
45,5,0,1,10.121550082785154
45,6,0,1,9.045035964356996
45,7,0,1,8.144749460447336
45,8,0,1,10.60666651348988
45,9,0,1,12.450455734131502
46,0,0,0,8.984745726653719
46,1,0,0,10.170447050412966
46,2,0,0,11.110497279091577
46,3,0,0,8.730347733898698
46,4,0,0,9.520043230914975
46,5,0,1,9.139841220738598
46,6,0,1,10.984676694824547
46,7,0,1,11.32552256935406
46,8,0,1,10.159036264731736
46,9,0,1,9.158265931005898
47,0,0,0,9.557209062072152
47,1,0,0,9.369501485753247
47,2,0,0,9.022731138376994
47,3,0,0,9.897961799181536
47,4,0,0,10.574826484461862
47,5,0,1,10.490257444428519
47,6,0,1,9.99176763543049
47,7,0,1,10.057053836825364
47,8,0,1,9.918449204910221
47,9,0,1,8.702788460833727
48,0,0,0,10.160134896982873
48,1,0,0,9.41637441454535
48,2,0,0,8.652656780840562
48,3,0,0,10.370705567115584
48,4,0,0,9.388269963581456
48,5,0,1,10.227753921258836
48,6,0,1,10.847637815069428
48,7,0,1,9.049761278854769
48,8,0,1,10.092121282072972
48,9,0,1,8.18957711826964
49,0,0,0,11.532533090609276
49,1,0,0,8.640933503111217
49,2,0,0,9.485180337602625
49,3,0,0,11.338379903763958
49,4,0,0,9.765477073919014
49,5,0,1,8.8026023136997
49,6,0,1,10.713073232286535
49,7,0,1,10.690532462151184
49,8,0,1,9.366813660634767
49,9,0,1,9.475073479219601
50,0,0,0,9.564591029381914
50,1,0,0,9.792976039313968
50,2,0,0,8.107028923078193
50,3,0,0,9.8185761388819
50,4,0,0,11.78391419818315
50,5,0,1,9.104030032763296
50,6,0,1,9.416506406530235
50,7,0,1,8.816382336803605
50,8,0,1,10.612161926395354
50,9,0,1,11.203197358142376
51,0,0,0,11.180317839177626
51,1,0,0,8.75198941110634
51,2,0,0,10.49979173049696
51,3,0,0,11.433750034214235
51,4,0,0,10.509663107710123
51,5,0,1,10.478409683343777
51,6,0,1,9.528357421364841
51,7,0,1,10.220109823793663
51,8,0,1,11.236318179706405
51,9,0,1,10.328208968428765
52,0,0,0,8.751725243970274
52,1,0,0,9.543958325714028
52,2,0,0,11.209279538888994
52,3,0,0,10.324743320351095
52,4,0,0,10.119062078243076
52,5,0,1,9.4459844667533
52,6,0,1,11.188599180534435
52,7,0,1,11.662412597822257
52,8,0,1,11.263189123018034
52,9,0,1,11.442591621445374
53,0,0,0,9.641293759233834
53,1,0,0,9.499830902626096
53,2,0,0,9.843654826500813
53,3,0,0,10.038573241976254
53,4,0,0,11.431019780125256
53,5,0,1,11.165886739468416
53,6,0,1,10.538469387254494
53,7,0,1,8.568813234153112
53,8,0,1,8.311978155403125
53,9,0,1,10.240462744801704
54,0,0,0,10.880263205600716
54,1,0,0,9.920432951013863
54,2,0,0,11.914904504978406
54,3,0,0,8.917558956219564
54,4,0,0,8.791648050504401
54,5,0,1,9.335719025525679
54,6,0,1,9.297702786808765
54,7,0,1,10.52628586868198
54,8,0,1,9.578288148156497
54,9,0,1,8.45215953872134
55,0,0,0,10.891578456695116
55,1,0,0,8.24004807392787
55,2,0,0,8.928781776989291
55,3,0,0,8.377293429256131
55,4,0,0,10.207121277070874
55,5,0,1,10.186047712151211
55,6,0,1,11.916454321016353
55,7,0,1,10.91382665614555
55,8,0,1,11.4416461833422
55,9,0,1,10.288609651298493
56,0,0,0,9.023068178909437
56,1,0,0,10.128107601993497
56,2,0,0,10.592421007387307
56,3,0,0,10.703807382251576
56,4,0,0,9.527587855891658
56,5,0,1,10.4887864737824
56,6,0,1,9.066972029158736
56,7,0,1,8.956722405889282
56,8,0,1,8.884215288614515
56,9,0,1,10.024625988556798
57,0,0,0,8.822163644923696
57,1,0,0,9.575255610128993
57,2,0,0,10.902916551413957
57,3,0,0,8.970870321921694
57,4,0,0,9.495687966495684
57,5,0,1,10.07163127677617
57,6,0,1,10.246886901532267
57,7,0,1,9.500709409194439
57,8,0,1,10.786860068735157
57,9,0,1,10.590452300784724
58,0,0,0,11.139856604361704
58,1,0,0,9.91839807565294
58,2,0,0,9.487181190543657
58,3,0,0,9.317367977987878
58,4,0,0,10.307027517929363
58,5,0,1,9.622844217188726
58,6,0,1,9.43083022231921
58,7,0,1,9.551712735754677
58,8,0,1,9.316309514875748
58,9,0,1,10.199021112762733
59,0,0,0,8.587416817455939
59,1,0,0,10.303016292474963
59,2,0,0,10.67654876040295
59,3,0,0,9.419120861822702
59,4,0,0,11.922036939606548
59,5,0,1,10.017621310976853
59,6,0,1,8.43865701690011
59,7,0,1,9.71875709366333
59,8,0,1,10.062656144935797
59,9,0,1,10.448967555570214
60,0,0,0,9.742569475889153
60,1,0,0,8.98842972429561
60,2,0,0,8.905019381887717
60,3,0,0,9.346400714818328
60,4,0,0,9.442224637481237
60,5,0,1,8.865025835100742
60,6,0,1,9.2671868388963
60,7,0,1,10.659458524439355
60,8,0,1,11.648412607694487
60,9,0,1,10.755461713870963
61,0,0,0,11.305861086186813
61,1,0,0,10.974118468233698
61,2,0,0,10.833130328398344
61,3,0,0,9.662203736942672
61,4,0,0,10.140910878386947
61,5,0,1,9.579380657543979
61,6,0,1,9.780892837666373
61,7,0,1,10.068167100386587
61,8,0,1,10.713566151579027
61,9,0,1,10.423323381515123
62,0,0,0,9.838170736985644
62,1,0,0,10.055538740891667
62,2,0,0,10.433463674193526
62,3,0,0,10.667394438057835
62,4,0,0,8.481004836742798
62,5,0,1,8.922611036101063
62,6,0,1,11.107310533939343
62,7,0,1,9.939130430068943
62,8,0,1,9.575923406633022
62,9,0,1,9.73650052707396
63,0,0,0,9.736294694423446
63,1,0,0,10.557937781524373
63,2,0,0,8.891983606019233
63,3,0,0,10.024777746496762
63,4,0,0,10.246117729450404
63,5,0,1,10.396267916565503
63,6,0,1,10.222863996210293
63,7,0,1,10.515906230314028
63,8,0,1,9.427303848941687
63,9,0,1,9.058197267675045
64,0,0,0,12.457004443250513
64,1,0,0,9.698735315425763
64,2,0,0,9.815545529345432
64,3,0,0,10.677840097717883
64,4,0,0,11.596089292194241
64,5,0,1,9.455471883065304
64,6,0,1,9.001184731810474
64,7,0,1,8.757846649208389
64,8,0,1,11.593106221502925
64,9,0,1,8.961893013538965
65,0,0,0,9.972444063484433
65,1,0,0,9.022715167957031
65,2,0,0,8.551644082041696
65,3,0,0,9.707624646906314
65,4,0,0,9.062213333658839
65,5,0,1,9.308371574576688
65,6,0,1,12.006105097417404
65,7,0,1,10.424896104172403
65,8,0,1,10.931469519553989
65,9,0,1,10.824659562849252
66,0,0,0,9.899139076920974
66,1,0,0,9.560281640622376
66,2,0,0,10.248934611861117
66,3,0,0,10.168450769932495
66,4,0,0,9.431194582834692
66,5,0,1,10.129847830466861
66,6,0,1,9.293670293303707
66,7,0,1,9.82854206935916
66,8,0,1,9.664716525482664
66,9,0,1,8.73112740739422
67,0,0,0,7.6488417868878305
67,1,0,0,9.0609367500603
67,2,0,0,11.804104664586301
67,3,0,0,9.690318217963272
67,4,0,0,10.775968160896404
67,5,0,1,7.875554856906642
67,6,0,1,8.991713932035672
67,7,0,1,8.64551038263765
67,8,0,1,9.797699989912886
67,9,0,1,12.421955480535242
68,0,0,0,10.460238943227917
68,1,0,0,11.695612533278087
68,2,0,0,9.745563272314337
68,3,0,0,11.364869373855072
68,4,0,0,12.07325670668289
68,5,0,1,9.890630933589541
68,6,0,1,9.460735288772636
68,7,0,1,8.682189063009847
68,8,0,1,9.69093974142303
68,9,0,1,10.081896675200792
69,0,0,0,12.030953617349148
69,1,0,0,8.705026025903914
69,2,0,0,10.059661893696978
69,3,0,0,8.185691878610383
69,4,0,0,9.573237171161432
69,5,0,1,10.31139535741202
69,6,0,1,10.512583152688558
69,7,0,1,10.589023079641922
69,8,0,1,10.397404032886845
69,9,0,1,10.58042194009624
70,0,0,0,10.045739129002664
70,1,0,0,8.952133694011028
70,2,0,0,8.148343036319943
70,3,0,0,9.453312178262783
70,4,0,0,9.86538456693677
70,5,0,1,11.25393179717548
70,6,0,1,9.899398324843814
70,7,0,1,9.803430965783308
70,8,0,1,10.38552712684178
70,9,0,1,9.729988012548798
71,0,0,0,10.810541998946938
71,1,0,0,11.979333618383878
71,2,0,0,12.1907855142107
71,3,0,0,10.097040627244489
71,4,0,0,10.336892364695448
71,5,0,1,11.578856120373484
71,6,0,1,9.85003797710373
71,7,0,1,10.67919214192418
71,8,0,1,8.864839870314174
71,9,0,1,9.689160851725003
72,0,0,0,11.156114616645308
72,1,0,0,9.281804366212377
72,2,0,0,9.871948821270323
72,3,0,0,8.425790354397881
72,4,0,0,12.005768294509636
72,5,0,1,11.263028069816903
72,6,0,1,10.188099566152749
72,7,0,1,10.507512872082328
72,8,0,1,10.395898106943369
72,9,0,1,11.384311753030786
73,0,0,0,9.481199957628627
73,1,0,0,10.732267619928232
73,2,0,0,11.077416498852173
73,3,0,0,11.215325970476457
73,4,0,0,7.740629116168302
73,5,0,1,9.400725521734856
73,6,0,1,8.980829378698097
73,7,0,1,10.149588285570685
73,8,0,1,7.983969780485728
73,9,0,1,7.954377109054397
74,0,0,0,12.17009499187626
74,1,0,0,10.61768938826334
74,2,0,0,10.121009243198811
74,3,0,0,10.363672647838982
74,4,0,0,10.14634092374918
74,5,0,1,10.997350656551525
74,6,0,1,9.367555807936021
74,7,0,1,10.18661482607357
74,8,0,1,10.227421267937716
74,9,0,1,8.953142041541662
75,0,0,0,11.276983059063053
75,1,0,0,9.55432326009859
75,2,0,0,11.0174216698089
75,3,0,0,10.11491272637148
75,4,0,0,11.633584832409058
75,5,0,1,8.958620911478477
75,6,0,1,8.91524119848955
75,7,0,1,9.094304408995692
75,8,0,1,10.133295550514374
75,9,0,1,11.541468395778205
76,0,0,0,11.59309361816525
76,1,0,0,7.69003139956156
76,2,0,0,10.249707161222538
76,3,0,0,6.787046389484978
76,4,0,0,10.795031793785034
76,5,0,1,11.118169414895206
76,6,0,1,9.959755725307815
76,7,0,1,10.083981577494754
76,8,0,1,10.07363889294024
76,9,0,1,9.215558081258754
77,0,0,0,10.43170578532148
77,1,0,0,9.768591998346743
77,2,0,0,10.930291709289618
77,3,0,0,9.88637306548077
77,4,0,0,9.13897689351174
77,5,0,1,8.46413532913449
77,6,0,1,8.135935174944288
77,7,0,1,11.312509343954435
77,8,0,1,9.542210647140982
77,9,0,1,10.33857419008165
78,0,0,0,11.783229891744519
78,1,0,0,9.437195668702108
78,2,0,0,9.372522515618847
78,3,0,0,9.867838247644675
78,4,0,0,10.029432700419992
78,5,0,1,11.887551350255846
78,6,0,1,11.565820594094113
78,7,0,1,10.620875415906747
78,8,0,1,11.449413768996868
78,9,0,1,9.821780987432144
79,0,0,0,10.299164567188479
79,1,0,0,9.698486355461306
79,2,0,0,8.70963161742036
79,3,0,0,11.203874741793594
79,4,0,0,10.531698733989861
79,5,0,1,10.018073473423664
79,6,0,1,9.997532150687825
79,7,0,1,8.493785129093492
79,8,0,1,9.022524666847284
79,9,0,1,10.336153170114025
80,0,0,0,9.470887332725495
80,1,0,0,9.78228695878251
80,2,0,0,9.895343935220899
80,3,0,0,9.317531230982889
80,4,0,0,9.03208167997595
80,5,0,1,8.387642369074626
80,6,0,1,9.853481720988459
80,7,0,1,10.618608547610284
80,8,0,1,8.35636585778005
80,9,0,1,9.975952174900174
81,0,0,0,10.28114325269156
81,1,0,0,9.010419596270856
81,2,0,0,11.422141811548087
81,3,0,0,9.614284630961592
81,4,0,0,9.89874031154349
81,5,0,1,9.838730499402022
81,6,0,1,8.229225577408943
81,7,0,1,11.008752071684043
81,8,0,1,9.044481231580763
81,9,0,1,9.763479484594264
82,0,0,0,10.597661001277995
82,1,0,0,11.460903426144533
82,2,0,0,8.92006771810316
82,3,0,0,9.553516414405573
82,4,0,0,11.382418630007153
82,5,0,1,10.463713879275447
82,6,0,1,10.671171359051609
82,7,0,1,8.948868264223831
82,8,0,1,9.620790470073441
82,9,0,1,9.83216456761957
83,0,0,0,9.142105242657026
83,1,0,0,8.325430374326093
83,2,0,0,9.489501441236404
83,3,0,0,11.35428819958443
83,4,0,0,10.059173465560496
83,5,0,1,11.374290913573375
83,6,0,1,10.17902091422952
83,7,0,1,9.235292270412037
83,8,0,1,11.277619013231721
83,9,0,1,10.2123261406679
84,0,0,0,10.961838832427397
84,1,0,0,8.931671828879429
84,2,0,0,11.038756289614502
84,3,0,0,11.068889275544198
84,4,0,0,10.289767144356535
84,5,0,1,9.193077914190217
84,6,0,1,9.953991171287388
84,7,0,1,10.611291147238244
84,8,0,1,10.234570019936534
84,9,0,1,10.601082738107763
85,0,0,0,11.012245907652906
85,1,0,0,9.351553346628078
85,2,0,0,8.844924379039862
85,3,0,0,9.962461198627759
85,4,0,0,9.670256841130133
85,5,0,1,10.78584641315615
85,6,0,1,8.925501610341191
85,7,0,1,11.02038187417768
85,8,0,1,11.353612109546766
85,9,0,1,10.00030496426229
86,0,0,0,10.060736125581304
86,1,0,0,9.232453498769846
86,2,0,0,9.457339101025934
86,3,0,0,9.591663319354316
86,4,0,0,11.442940067837931
86,5,0,1,9.928129214189227
86,6,0,1,8.677827043359992
86,7,0,1,10.255354342112003
86,8,0,1,10.826290124622275
86,9,0,1,9.974588630678404
87,0,0,0,11.469213439726989
87,1,0,0,10.777508667265899
87,2,0,0,8.950871270112147
87,3,0,0,9.448567187603597
87,4,0,0,10.226226281424609
87,5,0,1,8.333810761973393
87,6,0,1,10.336356737470615
87,7,0,1,8.238417572745352
87,8,0,1,11.02343345556451
87,9,0,1,10.907273684791708
88,0,0,0,10.504781360915072
88,1,0,0,9.324121635647689
88,2,0,0,10.170202824613538
88,3,0,0,9.48662251248535
88,4,0,0,8.969184722549933
88,5,0,1,9.661256988228589
88,6,0,1,10.698265536492096
88,7,0,1,10.04381419283176
88,8,0,1,11.450709924134424
88,9,0,1,10.765780539480275
89,0,0,0,10.658690813905618
89,1,0,0,8.391073450554396
89,2,0,0,9.714841469844721
89,3,0,0,8.9356275895658
89,4,0,0,9.816997120376096
89,5,0,1,9.306723876076843
89,6,0,1,9.622395046942062
89,7,0,1,11.06116273237385
89,8,0,1,10.475249929005834
89,9,0,1,11.007114428981636
90,0,0,0,8.399316890984014
90,1,0,0,10.057974696615663
90,2,0,0,10.966704981396601
90,3,0,0,11.506295914887156
90,4,0,0,8.451911610307507
90,5,0,1,9.64851636383883
90,6,0,1,11.034226674004763
90,7,0,1,9.807721687188554
90,8,0,1,9.089582325830277
90,9,0,1,8.450000821503993
91,0,0,0,9.051298465336833
91,1,0,0,8.311098331436272
91,2,0,0,10.058460456834025
91,3,0,0,10.89631018577866
91,4,0,0,8.739025241091396
91,5,0,1,10.257729741211053
91,6,0,1,10.845271029445867
91,7,0,1,9.99729167315165
91,8,0,1,8.389305705082755
91,9,0,1,10.386211554662504
92,0,0,0,9.945353055235529
92,1,0,0,9.843495351399145
92,2,0,0,9.453162754239536
92,3,0,0,10.086787426274041
92,4,0,0,10.50981790844696
92,5,0,1,12.390648134335848
92,6,0,1,10.112332068387206
92,7,0,1,11.511141160012674
92,8,0,1,10.357755083426877
92,9,0,1,9.900471672352246
93,0,0,0,10.148547527711292
93,1,0,0,8.77826363030749
93,2,0,0,10.305860270752039
93,3,0,0,8.007934935178628
93,4,0,0,9.137333642111468
93,5,0,1,10.109843093133811
93,6,0,1,11.193982273178843
93,7,0,1,11.430624396998393
93,8,0,1,9.763453420359065
93,9,0,1,10.15571731953044
94,0,0,0,10.984362469582027
94,1,0,0,8.670506427807082
94,2,0,0,10.404747505315504
94,3,0,0,9.17210713263419
94,4,0,0,9.82817495532328
94,5,0,1,9.540976749505685
94,6,0,1,10.435358127048147
94,7,0,1,10.55030367400909
94,8,0,1,10.891078677397397
94,9,0,1,10.348198828464449
95,0,0,0,10.171653769968897
95,1,0,0,11.8540238004386
95,2,0,0,8.475640929802823
95,3,0,0,11.69560986012924
95,4,0,0,9.710178091131603
95,5,0,1,10.570891586368305
95,6,0,1,9.674340319406399
95,7,0,1,9.297458370448375
95,8,0,1,10.484577192794228
95,9,0,1,11.042128308614442
96,0,0,0,10.473007954967406
96,1,0,0,9.457884213317119
96,2,0,0,13.611350062815669
96,3,0,0,11.198573670866253
96,4,0,0,10.933342304207253
96,5,0,1,9.647035769257796
96,6,0,1,9.374834211710962
96,7,0,1,9.72016092415706
96,8,0,1,11.081406544392483
96,9,0,1,9.009395662924172
97,0,0,0,8.931796168545683
97,1,0,0,10.539547533361018
97,2,0,0,10.31919644464212
97,3,0,0,9.229686462109104
97,4,0,0,8.908796421584775
97,5,0,1,11.437896993368431
97,6,0,1,10.357004425299563
97,7,0,1,8.636464136271968
97,8,0,1,8.706374463917706
97,9,0,1,9.638488027549531
98,0,0,0,10.732841806997634
98,1,0,0,10.59500880210828
98,2,0,0,11.131678537001218
98,3,0,0,8.509650192539203
98,4,0,0,10.223846689779657
98,5,0,1,11.425910332321362
98,6,0,1,11.332801730476099
98,7,0,1,10.358909981412685
98,8,0,1,12.348018508653876
98,9,0,1,10.60928511641586
99,0,0,0,11.042746632841343
99,1,0,0,10.044447918775507
99,2,0,0,9.219024707155713
99,3,0,0,9.124790799221254
99,4,0,0,10.18161521479442
99,5,0,1,9.788497993149793
99,6,0,1,8.231414330086519
99,7,0,1,8.974206415074258
99,8,0,1,9.681596425945907
99,9,0,1,10.72727937593716
100,0,1,0,9.983926113837926
100,1,1,0,9.927935789499486
100,2,1,0,9.013087372996683
100,3,1,0,10.023166080062099
100,4,1,0,11.319101027445988
100,5,1,1,12.655575112758557
100,6,1,1,10.992686418518138
100,7,1,1,11.248477205695469
100,8,1,1,13.088788877223154
100,9,1,1,12.27568452477738
101,0,1,0,9.925419769896486
101,1,1,0,9.387265824985242
101,2,1,0,10.503412212199912
101,3,1,0,9.699082286754651
101,4,1,0,9.813386778271395
101,5,1,1,11.648776608336874
101,6,1,1,13.42169129814277
101,7,1,1,12.278867208383579
101,8,1,1,13.107880333119759
101,9,1,1,11.306408435965983
102,0,1,0,11.733883138378609
102,1,1,0,11.277374038513223
102,2,1,0,8.090202330341073
102,3,1,0,9.198062524936285
102,4,1,0,10.477634391009884
102,5,1,1,11.180271343850997
102,6,1,1,12.368405917836673
102,7,1,1,12.926631785976797
102,8,1,1,12.315274088020516
102,9,1,1,13.038838703537095
103,0,1,0,9.306670095398118
103,1,1,0,7.755818457831878
103,2,1,0,10.98211531216506
103,3,1,0,10.97581465360253
103,4,1,0,12.503636642288333
103,5,1,1,10.292813482065686
103,6,1,1,13.250832109346815
103,7,1,1,10.531317861916612
103,8,1,1,14.256493281675318
103,9,1,1,12.98786683369601
104,0,1,0,9.048071152323747
104,1,1,0,10.780222474601436
104,2,1,0,9.446954992283064
104,3,1,0,10.300416099551269
104,4,1,0,10.205960716209084
104,5,1,1,14.244168136147294
104,6,1,1,14.314925910086512
104,7,1,1,11.902734626726494
104,8,1,1,13.558105617996036
104,9,1,1,12.854840155570297
105,0,1,0,8.587317932993088
105,1,1,0,9.30377161962782
105,2,1,0,12.336146099599624
105,3,1,0,10.357854401104655
105,4,1,0,10.999779579517522
105,5,1,1,12.287955687633008
105,6,1,1,11.960058085280657
105,7,1,1,12.527264507634476
105,8,1,1,12.233895944753783
105,9,1,1,11.006747068968401
106,0,1,0,8.996674542545968
106,1,1,0,10.70788451441223
106,2,1,0,9.61930931089759
106,3,1,0,10.025704882027908
106,4,1,0,10.23492305049721
106,5,1,1,12.81305004881872
106,6,1,1,13.646579061315371
106,7,1,1,11.401304184931469
106,8,1,1,13.070252723543625
106,9,1,1,13.255027793519648
107,0,1,0,10.985851779001505
107,1,1,0,8.587082400585128
107,2,1,0,10.254819218346999
107,3,1,0,11.716075946398517
107,4,1,0,9.900879480843377
107,5,1,1,12.983494701964291
107,6,1,1,13.280395594585185
107,7,1,1,11.47453015560174
107,8,1,1,14.333824728999975
107,9,1,1,12.999500796968904
108,0,1,0,10.519502814193427
108,1,1,0,8.337972621989465
108,2,1,0,10.794544798213312
108,3,1,0,10.506410341379137
108,4,1,0,11.624191327722064
108,5,1,1,12.188734785695647
108,6,1,1,11.512341670401558
108,7,1,1,11.817761005225666
108,8,1,1,11.995021764992702
108,9,1,1,11.381153481868626
109,0,1,0,11.290160023765994
109,1,1,0,11.327697862931666
109,2,1,0,9.804208298859944
109,3,1,0,9.607240077915806
109,4,1,0,8.184518086680688
109,5,1,1,13.195961255303605
109,6,1,1,14.153440108825842
109,7,1,1,11.862805282740444
109,8,1,1,12.383215474223602
109,9,1,1,12.93429146131573
110,0,1,0,11.724418360609906
110,1,1,0,10.199776221835094
110,2,1,0,10.195429916026518
110,3,1,0,10.179318501159802
110,4,1,0,8.574967493096327
110,5,1,1,11.053209346170135
110,6,1,1,11.692004830885127
110,7,1,1,13.512890574037373
110,8,1,1,12.164642929454008
110,9,1,1,11.970395951197707
111,0,1,0,9.452825395856232
111,1,1,0,9.862343121527323
111,2,1,0,11.70210793410164
111,3,1,0,9.848802614302878
111,4,1,0,9.213702594625142
111,5,1,1,12.525245629081633
111,6,1,1,14.255083605761538
111,7,1,1,11.997175281064385
111,8,1,1,11.318994991569054
111,9,1,1,11.999008730269583
112,0,1,0,10.128763736348432
112,1,1,0,10.68824095082534
112,2,1,0,11.006883578682245
112,3,1,0,8.954282726037672
112,4,1,0,9.04915466554093
112,5,1,1,12.17673774061251
112,6,1,1,13.184493024696897
112,7,1,1,11.239992102347745
112,8,1,1,11.892673089582303
112,9,1,1,11.907256270588052
113,0,1,0,10.94174885536437
113,1,1,0,10.528260760664438
113,2,1,0,10.90371836104992
113,3,1,0,11.338677974233054
113,4,1,0,9.69434990491092
113,5,1,1,11.312593845146319
113,6,1,1,11.31903638215298
113,7,1,1,10.66189243494116
113,8,1,1,12.041233170333808
113,9,1,1,12.115777385168261
114,0,1,0,10.787553406805047
114,1,1,0,10.016914217176604
114,2,1,0,9.509671555657393
114,3,1,0,9.884001273839415
114,4,1,0,8.961026516285237
114,5,1,1,13.525406570751286
114,6,1,1,11.714084437190492
114,7,1,1,11.360068728064105
114,8,1,1,13.31788196670747
114,9,1,1,13.074164208363852
115,0,1,0,8.276314621440989
115,1,1,0,10.855001634710222
115,2,1,0,9.258407360905943
115,3,1,0,9.62589547243608
115,4,1,0,10.187020107693938
115,5,1,1,13.086624882616821
115,6,1,1,12.945479174687527
115,7,1,1,12.450181669093997
115,8,1,1,12.075356671084089
115,9,1,1,12.912220693565448
116,0,1,0,9.881612162655772
116,1,1,0,11.805354459125924
116,2,1,0,10.586409009969902
116,3,1,0,9.076584375009645
116,4,1,0,9.522400048626348
116,5,1,1,12.54819217725983
116,6,1,1,13.799431215070454
116,7,1,1,13.911105009112134
116,8,1,1,12.103865279634435
116,9,1,1,11.566365783410557
117,0,1,0,8.938502358793812
117,1,1,0,10.25242875721578
117,2,1,0,12.303784309217493
117,3,1,0,10.539094104255103
117,4,1,0,8.406087473315992
117,5,1,1,11.773995896753998
117,6,1,1,11.876085798155087
117,7,1,1,11.677997479885091
117,8,1,1,12.11210617506578
117,9,1,1,12.869394861019941
118,0,1,0,10.681981169322647
118,1,1,0,11.091763490916644
118,2,1,0,10.524202573047178
118,3,1,0,8.045849759671158
118,4,1,0,8.942695412468687
118,5,1,1,12.341905963140809
118,6,1,1,12.64727985576748
118,7,1,1,13.361418359876257
118,8,1,1,12.543184176216773
118,9,1,1,12.550707253863674
119,0,1,0,10.237797363139059
119,1,1,0,9.7449782612188
119,2,1,0,10.086885139877811
119,3,1,0,11.12583217901175
119,4,1,0,9.916089101215999
119,5,1,1,12.469787273215717
119,6,1,1,12.466414595232811
119,7,1,1,13.797773813791169
119,8,1,1,11.391946673170558
119,9,1,1,14.275846894791195
120,0,1,0,8.823618145484486
120,1,1,0,9.345779738672242
120,2,1,0,10.74473826971532
120,3,1,0,11.03031669547367
120,4,1,0,8.596500983001512
120,5,1,1,11.407298136752914
120,6,1,1,12.777842809471847
120,7,1,1,14.844419387763796
120,8,1,1,13.74626278099868
120,9,1,1,12.251902950368189
121,0,1,0,7.580870861924244
121,1,1,0,10.081642734421159
121,2,1,0,10.362296803646554
121,3,1,0,9.617304858917196
121,4,1,0,9.149276009453404
121,5,1,1,12.65916526032139
121,6,1,1,11.55773880610604
121,7,1,1,14.372448660808724
121,8,1,1,14.016744797533818
121,9,1,1,13.157912631592762
122,0,1,0,10.089710569119317
122,1,1,0,9.339835913386441
122,2,1,0,9.979212816109099
122,3,1,0,11.639297135207276
122,4,1,0,10.86865405843663
122,5,1,1,12.70369227847646
122,6,1,1,13.423974334167596
122,7,1,1,13.045610663380828
122,8,1,1,12.896277539886873
122,9,1,1,13.480563258991536
123,0,1,0,10.517027644824758
123,1,1,0,10.858551470103379
123,2,1,0,10.16138704963451
123,3,1,0,9.745874176809897
123,4,1,0,9.451837121059851
123,5,1,1,11.832690394529042
123,6,1,1,10.894829557558467
123,7,1,1,11.588060053188336
123,8,1,1,11.559146470417819
123,9,1,1,11.992654804015965
124,0,1,0,11.56224421063829
124,1,1,0,9.842438044446222
124,2,1,0,10.24176688988431
124,3,1,0,10.273319644511927
124,4,1,0,11.587580912842366
124,5,1,1,11.924414546154708
124,6,1,1,12.277477919741939
124,7,1,1,12.393800628225817
124,8,1,1,13.636534855774768
124,9,1,1,13.844105693754456
125,0,1,0,10.474583819693944
125,1,1,0,11.23290937406188
125,2,1,0,10.177660996468989
125,3,1,0,9.827396752383178
125,4,1,0,11.178724086585621
125,5,1,1,12.987617675233798
125,6,1,1,11.764469334092418
125,7,1,1,13.497420938124352
125,8,1,1,12.29150736897972
125,9,1,1,12.169176477275796
126,0,1,0,10.893004368199712
126,1,1,0,9.911167859155087
126,2,1,0,10.38895853604029
126,3,1,0,10.6619395840708
126,4,1,0,9.217056920727616
126,5,1,1,12.884850564682202
126,6,1,1,13.849473105261623
126,7,1,1,11.54353285626039
126,8,1,1,12.949908888831228
126,9,1,1,11.670532265419713
127,0,1,0,11.021397683840398
127,1,1,0,11.01190558374977
127,2,1,0,9.645677659750902
127,3,1,0,12.209628652190862
127,4,1,0,11.106625309137284
127,5,1,1,13.20692898513617
127,6,1,1,13.150610896106135
127,7,1,1,13.483926909206223
127,8,1,1,11.50435759275584
127,9,1,1,12.694607598461024
128,0,1,0,10.383190385377327
128,1,1,0,9.59986393669744
128,2,1,0,10.464795269443965
128,3,1,0,11.231694300434006
128,4,1,0,9.578230912234094
128,5,1,1,12.445575699628694
128,6,1,1,11.679414704146055
128,7,1,1,10.713010990189208
128,8,1,1,13.278932180520512
128,9,1,1,12.474266205160752
129,0,1,0,10.047579417152788
129,1,1,0,9.013226381826474
129,2,1,0,9.814496470963809
129,3,1,0,11.096593789182123
129,4,1,0,10.00082133677946
129,5,1,1,12.529183758055412
129,6,1,1,12.707528277863423
129,7,1,1,11.263617871593544
129,8,1,1,13.124920464102358
129,9,1,1,11.244801885084168
130,0,1,0,9.060384418720973
130,1,1,0,8.950785230992835
130,2,1,0,9.824775033369455
130,3,1,0,9.647547296462143
130,4,1,0,9.998774961691746
130,5,1,1,11.594743840223558
130,6,1,1,13.505495320306379
130,7,1,1,13.33402756872633
130,8,1,1,12.326186487108279
130,9,1,1,12.021633283412061
131,0,1,0,9.4206425066548
131,1,1,0,9.68985500498932
131,2,1,0,8.599754771248824
131,3,1,0,9.04039268778816
131,4,1,0,10.860120391984967
131,5,1,1,12.80181248607587
131,6,1,1,14.134274485976531
131,7,1,1,12.200804849830678
131,8,1,1,12.138486772893133
131,9,1,1,12.092101075456352
132,0,1,0,9.680835516781832
132,1,1,0,9.340045986853402
132,2,1,0,10.2709882146872
132,3,1,0,10.029104067148412
132,4,1,0,9.490085498161728
132,5,1,1,13.751148913018902
132,6,1,1,14.396582922486306
132,7,1,1,13.6665772055734
132,8,1,1,13.058124013083395
132,9,1,1,13.261769726263774
133,0,1,0,11.856415517826335
133,1,1,0,10.760319315759423
133,2,1,0,9.414814147400715
133,3,1,0,10.39227252665055
133,4,1,0,10.626244266063317
133,5,1,1,11.50528272596408
133,6,1,1,12.215069181356823
133,7,1,1,13.600391824055466
133,8,1,1,10.676507264950414
133,9,1,1,11.249571454959407
134,0,1,0,9.823592946371672
134,1,1,0,10.353679595505705
134,2,1,0,8.642367555051093
134,3,1,0,9.873210748334058
134,4,1,0,11.153768539088567
134,5,1,1,12.568651457074283
134,6,1,1,13.43908894363113
134,7,1,1,11.907885878664997
134,8,1,1,11.690083143210819
134,9,1,1,13.348873830285047
135,0,1,0,10.36926553465619
135,1,1,0,8.814403992225541
135,2,1,0,9.19915908383721
135,3,1,0,11.564581241057414
135,4,1,0,9.075444780530685
135,5,1,1,13.434328746725997
135,6,1,1,12.0218133027663
135,7,1,1,12.49682414323287
135,8,1,1,12.794592620943373
135,9,1,1,10.399018789500401
136,0,1,0,8.5372826645727
136,1,1,0,10.086333018787162
136,2,1,0,9.27569243621612
136,3,1,0,10.996581295274622
136,4,1,0,8.393879119131876
136,5,1,1,13.065255056257987
136,6,1,1,11.123778779595673
136,7,1,1,12.147895005855572
136,8,1,1,11.435622235762036
136,9,1,1,14.402429880471198
137,0,1,0,8.660507837029964
137,1,1,0,9.877940304630977
137,2,1,0,8.273163851979849
137,3,1,0,11.59957012207059
137,4,1,0,10.401282416177205
137,5,1,1,12.636973089598667
137,6,1,1,13.974312939291725
137,7,1,1,12.647422441422613
137,8,1,1,12.719571356141078
137,9,1,1,12.631725288065152
138,0,1,0,10.563634325443118
138,1,1,0,9.507558616078738
138,2,1,0,9.785712692636668
138,3,1,0,10.810334628457445
138,4,1,0,10.277372951557881
138,5,1,1,12.385756085897874
138,6,1,1,11.099477608969288
138,7,1,1,13.998050284536596
138,8,1,1,11.838545890049229
138,9,1,1,13.487237238419256
139,0,1,0,10.175753651688085
139,1,1,0,8.70654947727013
139,2,1,0,11.252275477530615
139,3,1,0,10.25454064639954
139,4,1,0,11.335345356737042
139,5,1,1,12.31759129926408
139,6,1,1,13.204051229967055
139,7,1,1,10.737472888654986
139,8,1,1,11.999784136406243
139,9,1,1,11.227006667768729
140,0,1,0,9.625216149961608
140,1,1,0,10.471811739506144
140,2,1,0,9.395419912345854
140,3,1,0,10.863842093638782
140,4,1,0,9.143387356449988
140,5,1,1,13.385236613649978
140,6,1,1,13.809757165874036
140,7,1,1,13.513526135090986
140,8,1,1,12.155810948170227
140,9,1,1,10.374546402055858
141,0,1,0,10.582166996737348
141,1,1,0,9.874765285284695
141,2,1,0,9.021607059872647
141,3,1,0,9.44372093512959
141,4,1,0,11.434425316444802
141,5,1,1,11.362659799389846
141,6,1,1,12.968309175621211
141,7,1,1,12.717958175637404
141,8,1,1,12.142612335336768
141,9,1,1,13.144532687313047
142,0,1,0,11.632245258898866
142,1,1,0,9.704028496113802
142,2,1,0,9.756819051922898
142,3,1,0,10.6220649049902
142,4,1,0,10.918242821435001
142,5,1,1,12.372292792851365
142,6,1,1,12.194626263906352
142,7,1,1,10.28235347928024
142,8,1,1,11.721991087633446
142,9,1,1,11.360688327932449
143,0,1,0,10.684624996311891
143,1,1,0,9.756097051399157
143,2,1,0,9.716978394461071
143,3,1,0,9.99094373637702
143,4,1,0,9.1298235298746
143,5,1,1,14.053247186688754
143,6,1,1,13.798193911696611
143,7,1,1,14.118106783047688
143,8,1,1,13.183417231238892
143,9,1,1,12.470521884978062
144,0,1,0,11.614729303006886
144,1,1,0,9.31903316408702
144,2,1,0,9.128791020966988
144,3,1,0,9.398488485230141
144,4,1,0,10.522871266914299
144,5,1,1,11.737894806612328
144,6,1,1,12.344627011782002
144,7,1,1,10.898144706115223
144,8,1,1,12.981097665428244
144,9,1,1,10.98289663281689
145,0,1,0,9.067838945134637
145,1,1,0,11.217167134896645
145,2,1,0,11.18031831698611
145,3,1,0,10.374313089546497
145,4,1,0,10.27566358173523
145,5,1,1,11.969040352845742
145,6,1,1,11.727096336257798
145,7,1,1,12.13775830224262
145,8,1,1,10.986345825537683
145,9,1,1,12.752448554953663
146,0,1,0,10.04883112480841
146,1,1,0,9.066578733289733
146,2,1,0,11.568681918841358
146,3,1,0,10.606913710287047
146,4,1,0,10.691841804008856
146,5,1,1,12.012660073960834
146,6,1,1,12.498669921973677
146,7,1,1,13.127372670187421
146,8,1,1,12.652782367100235
146,9,1,1,14.101900784769871
147,0,1,0,9.79621243058325
147,1,1,0,9.49543946776389
147,2,1,0,10.634252876471425
147,3,1,0,8.735352727713488
147,4,1,0,10.924296932308112
147,5,1,1,11.199288199408016
147,6,1,1,13.13858466605855
147,7,1,1,11.851726445827337
147,8,1,1,12.976584146983393
147,9,1,1,13.407342946061018
148,0,1,0,10.153421195503919
148,1,1,0,8.80037904835932
148,2,1,0,9.103224755492848
148,3,1,0,9.271340858966218
148,4,1,0,8.104993106402226
148,5,1,1,13.627477858731929
148,6,1,1,12.610107585756328
148,7,1,1,11.364481954811005
148,8,1,1,13.955674857458357
148,9,1,1,11.798671899861837
149,0,1,0,10.250572489074871
149,1,1,0,9.174729454803797
149,2,1,0,7.981739846670973
149,3,1,0,8.63555944114874
149,4,1,0,9.551509569133568
149,5,1,1,13.398296871206048
149,6,1,1,12.846533146819246
149,7,1,1,12.640205126171246
149,8,1,1,10.489972377255118
149,9,1,1,13.770086147680095
150,0,1,0,10.223679696495555
150,1,1,0,9.88058233010784
150,2,1,0,11.132423109988896
150,3,1,0,11.247496723568274
150,4,1,0,11.15459024760919
150,5,1,1,12.252913503296712
150,6,1,1,11.496523439215805
150,7,1,1,13.488922917142073
150,8,1,1,11.134945556929583
150,9,1,1,14.447256738664283
151,0,1,0,10.027999545194563
151,1,1,0,8.939115744300416
151,2,1,0,8.76813144584339
151,3,1,0,8.72239517594394
151,4,1,0,10.140362906720844
151,5,1,1,12.493607679940213
151,6,1,1,11.264077826490807
151,7,1,1,12.143544213444098
151,8,1,1,11.132064613908657
151,9,1,1,13.089301805944173
152,0,1,0,9.945406733887287
152,1,1,0,9.621597494082552
152,2,1,0,8.711889269932472
152,3,1,0,9.699844399777234
152,4,1,0,9.585272118653673
152,5,1,1,12.817726701209597
152,6,1,1,12.667017978116961
152,7,1,1,13.292060102079342
152,8,1,1,12.015423456494938
152,9,1,1,10.639588497803505
153,0,1,0,10.99109287659804
153,1,1,0,9.06396748695182
153,2,1,0,8.893082946984745
153,3,1,0,9.956883454886247
153,4,1,0,10.302270512954516
153,5,1,1,11.969163594285318
153,6,1,1,11.961307318531873
153,7,1,1,12.108973682234446
153,8,1,1,13.916540350993143
153,9,1,1,12.497321912441867
154,0,1,0,9.032037160538204
154,1,1,0,9.042216643097033
154,2,1,0,9.74911582041763
154,3,1,0,10.237857934028007
154,4,1,0,10.48398016196619
154,5,1,1,12.624158603847215
154,6,1,1,11.658126649082911
154,7,1,1,12.076058700439217
154,8,1,1,13.233907881864624
154,9,1,1,11.353908039546905
155,0,1,0,9.534246606922537
155,1,1,0,10.597462857881352
155,2,1,0,10.875281426635176
155,3,1,0,9.807084628908617
155,4,1,0,9.588793189429184
155,5,1,1,11.17788205855626
155,6,1,1,13.025639922727095
155,7,1,1,13.81877968514679
155,8,1,1,15.065154058599692
155,9,1,1,12.886446183518046
156,0,1,0,9.949120348356018
156,1,1,0,9.080189386849092
156,2,1,0,8.12114308625685
156,3,1,0,10.176959249739832
156,4,1,0,12.350339120154302
156,5,1,1,13.770812229656913
156,6,1,1,13.616564269113798
156,7,1,1,12.745602817057916
156,8,1,1,12.859523160280322
156,9,1,1,10.076252681722023
157,0,1,0,10.762510580763998
157,1,1,0,9.420659430424184
157,2,1,0,9.298272653404112
157,3,1,0,9.676743046951392
157,4,1,0,9.642995510548985
157,5,1,1,11.782364408028338
157,6,1,1,12.513872072175976
157,7,1,1,11.941722403791946
157,8,1,1,12.600322955756146
157,9,1,1,11.012822185449966
158,0,1,0,9.785942229367983
158,1,1,0,8.903704410313749
158,2,1,0,9.358550681502134
158,3,1,0,10.14339884303353
158,4,1,0,8.396002385245042
158,5,1,1,11.677592622727863
158,6,1,1,13.068964384836335
158,7,1,1,11.086822158134199
158,8,1,1,14.277867140278808
158,9,1,1,13.704407956130646
159,0,1,0,9.50547291554772
159,1,1,0,9.212790312214937
159,2,1,0,10.201939903335482
159,3,1,0,8.55253774297284
159,4,1,0,7.997857275167567
159,5,1,1,12.040664875947433
159,6,1,1,12.365951233497809
159,7,1,1,12.594427224353531
159,8,1,1,11.885259383882115
159,9,1,1,13.773946729474947
160,0,1,0,8.504860341516117
160,1,1,0,8.861737865041901
160,2,1,0,10.486635956144811
160,3,1,0,8.838352614362858
160,4,1,0,8.799679547802683
160,5,1,1,12.623354792207163
160,6,1,1,11.44647737968397
160,7,1,1,12.366915572079312
160,8,1,1,11.800143440342243
160,9,1,1,11.63833629662726
161,0,1,0,7.89769460865506
161,1,1,0,10.139563152821337
161,2,1,0,8.75281000788707
161,3,1,0,9.83175779646948
161,4,1,0,9.487895101651436
161,5,1,1,12.293491941300116
161,6,1,1,12.350324625986739
161,7,1,1,12.693628250918263
161,8,1,1,11.772240698508558
161,9,1,1,13.742696479273368
162,0,1,0,8.152599939144423
162,1,1,0,9.77340888147277
162,2,1,0,10.836230976410867
162,3,1,0,10.476772553002604
162,4,1,0,9.025164423471404
162,5,1,1,11.691754507011977
162,6,1,1,11.493207440673396
162,7,1,1,13.099227630664389
162,8,1,1,11.760076271484492
162,9,1,1,12.755123088123451
163,0,1,0,10.264301414075955
163,1,1,0,12.368393468235372
163,2,1,0,10.313251259801703
163,3,1,0,9.188855985249537
163,4,1,0,8.5398497379336
163,5,1,1,12.224147285362255
163,6,1,1,12.38091415757268
163,7,1,1,10.289300472609444
163,8,1,1,11.786145839706986
163,9,1,1,12.797352542827554
164,0,1,0,9.467644329733826
164,1,1,0,10.968623785705837
164,2,1,0,8.44164355527948
164,3,1,0,10.676882820153217
164,4,1,0,10.913889741525953
164,5,1,1,13.456496475841536
164,6,1,1,10.934143615345622
164,7,1,1,12.814552795857384
164,8,1,1,11.831245881478486
164,9,1,1,11.093857558017099
165,0,1,0,9.58613227502629
165,1,1,0,9.09502200809919
165,2,1,0,10.92075046816387
165,3,1,0,10.513063343013568
165,4,1,0,8.847555531891132
165,5,1,1,11.77577868616907
165,6,1,1,12.119302574383376
165,7,1,1,12.427594852682104
165,8,1,1,13.506378274803781
165,9,1,1,13.190782326480633
166,0,1,0,10.05139196897484
166,1,1,0,9.739351150105078
166,2,1,0,8.226645965392528
166,3,1,0,11.291997626126056
166,4,1,0,9.552903402134342
166,5,1,1,14.054840240426257
166,6,1,1,12.696109292131835
166,7,1,1,14.525284208621445
166,8,1,1,13.106321533366316
166,9,1,1,11.067980368779121
167,0,1,0,9.385584519738789
167,1,1,0,9.830865039328035
167,2,1,0,9.126217112891677
167,3,1,0,9.622939182817955
167,4,1,0,8.63306084141789
167,5,1,1,12.505721281099122
167,6,1,1,12.737411949010939
167,7,1,1,11.49589059279388
167,8,1,1,14.440254293481912
167,9,1,1,12.563513261280459
168,0,1,0,9.183259133877089
168,1,1,0,8.370460700034782
168,2,1,0,10.059942889397169
168,3,1,0,9.739511467186647
168,4,1,0,10.783040907286443
168,5,1,1,12.356629735028031
168,6,1,1,11.306281217731273
168,7,1,1,14.170718296177581
168,8,1,1,12.935624879507186
168,9,1,1,12.24589128840164
169,0,1,0,10.164638531449738
169,1,1,0,10.474041956561658
169,2,1,0,8.571143386106565
169,3,1,0,10.15769421996281
169,4,1,0,9.549876526706107
169,5,1,1,13.007299985629752
169,6,1,1,11.759818075393722
169,7,1,1,11.895298144902917
169,8,1,1,14.162871098564057
169,9,1,1,13.730912090882136
170,0,1,0,6.704438820032692
170,1,1,0,11.156761982464312
170,2,1,0,9.926347973742244
170,3,1,0,9.291817937100989
170,4,1,0,8.99282526429235
170,5,1,1,11.55088237172001
170,6,1,1,11.820064055241584
170,7,1,1,11.372867416318156
170,8,1,1,11.145400338927358
170,9,1,1,11.45961984915609
171,0,1,0,10.323393855065687
171,1,1,0,10.050090148570797
171,2,1,0,10.555856451551856
171,3,1,0,9.933630160789946
171,4,1,0,8.693320669355208
171,5,1,1,12.994440923493606
171,6,1,1,11.495310721125085
171,7,1,1,13.146614301988935
171,8,1,1,11.33407999704304
171,9,1,1,11.812523373596475
172,0,1,0,9.638608359432085
172,1,1,0,10.674404801056948
172,2,1,0,10.175997252127395
172,3,1,0,10.020001322150925
172,4,1,0,11.885668785055305
172,5,1,1,10.663016838774855
172,6,1,1,11.461622357299449
172,7,1,1,11.41881152196101
172,8,1,1,10.729347690077725
172,9,1,1,11.780480487113973
173,0,1,0,10.687769163796705
173,1,1,0,9.408352601484248
173,2,1,0,9.666997028013691
173,3,1,0,8.277445172119718
173,4,1,0,9.203474424839653
173,5,1,1,12.038301284412416
173,6,1,1,13.142400422547114
173,7,1,1,10.82508360208178
173,8,1,1,12.044991254278862
173,9,1,1,13.58681803006889
174,0,1,0,9.554916714376736
174,1,1,0,7.8844385858813215
174,2,1,0,11.279175777348192
174,3,1,0,10.734896942538333
174,4,1,0,10.869397175078792
174,5,1,1,10.756216353254606
174,6,1,1,14.012455725847214
174,7,1,1,11.726723914888803
174,8,1,1,11.99056105577977
174,9,1,1,11.797222834007997
175,0,1,0,10.946937181955207
175,1,1,0,9.820201647494704
175,2,1,0,10.481741032587626
175,3,1,0,10.075901022884368
175,4,1,0,9.904957996307079
175,5,1,1,11.553215936253803
175,6,1,1,14.312140587307766
175,7,1,1,11.03660637149477
175,8,1,1,12.912253974034684
175,9,1,1,12.87665659210728
176,0,1,0,11.154356286152426
176,1,1,0,11.388090032379278
176,2,1,0,9.862611400583225
176,3,1,0,10.530394305924753
176,4,1,0,11.764873710452509
176,5,1,1,12.434823233077747
176,6,1,1,11.433566524934824
176,7,1,1,12.115531887300579
176,8,1,1,11.195354001385533
176,9,1,1,12.871816810994723
177,0,1,0,11.064456208140635
177,1,1,0,9.878958507932461
177,2,1,0,8.37903995054636
177,3,1,0,11.021650835057677
177,4,1,0,8.223701038434221
177,5,1,1,10.954045222076958
177,6,1,1,12.321661612505281
177,7,1,1,12.7517852456755
177,8,1,1,12.922247498758354
177,9,1,1,12.433860447953526
178,0,1,0,11.760043765134856
178,1,1,0,10.065168341083202
178,2,1,0,11.034668101752935
178,3,1,0,10.786954564094698
178,4,1,0,8.70712626779547
178,5,1,1,12.330269512714478
178,6,1,1,14.62332051328102
178,7,1,1,11.995649146059742
178,8,1,1,11.82537947564331
178,9,1,1,12.670575581477022
179,0,1,0,9.531480070739947
179,1,1,0,9.206295420497762
179,2,1,0,9.516716605702413
179,3,1,0,11.432009671368625
179,4,1,0,9.863381308522428
179,5,1,1,11.171924967245289
179,6,1,1,10.988253461911835
179,7,1,1,14.70680493205447
179,8,1,1,12.276665630565898
179,9,1,1,12.934578500965419
180,0,1,0,9.22862277366039
180,1,1,0,10.320985969271415
180,2,1,0,11.459329651601532
180,3,1,0,9.347736816256246
180,4,1,0,10.458586779948583
180,5,1,1,11.094253724109612
180,6,1,1,14.522866118366792
180,7,1,1,12.768535930244575
180,8,1,1,12.087206155647708
180,9,1,1,12.202125876713836
181,0,1,0,9.489961825485665
181,1,1,0,9.541094835876507
181,2,1,0,7.55250485765034
181,3,1,0,9.902034267903245
181,4,1,0,9.860121319394288
181,5,1,1,12.988661537260477
181,6,1,1,11.976856253558473
181,7,1,1,11.728963685858977
181,8,1,1,12.492225055547024
181,9,1,1,10.887631881909517
182,0,1,0,10.143423187534584
182,1,1,0,8.13818074047828
182,2,1,0,11.120818648830795
182,3,1,0,10.684269955660774
182,4,1,0,9.073814123575987
182,5,1,1,13.161138013338038
182,6,1,1,12.611514224253881
182,7,1,1,11.49098976891514
182,8,1,1,10.477123842770911
182,9,1,1,12.816435683426452
183,0,1,0,9.205718152864964
183,1,1,0,11.09496956969608
183,2,1,0,10.01403373388185
183,3,1,0,9.300417303502682
183,4,1,0,11.797838733090472
183,5,1,1,13.076446492603004
183,6,1,1,8.844913484895894
183,7,1,1,12.013608231209133
183,8,1,1,11.115911007987577
183,9,1,1,11.700202062279692
184,0,1,0,9.855267601081463
184,1,1,0,10.354048508587546
184,2,1,0,10.261365742113574
184,3,1,0,11.077873076564803
184,4,1,0,10.636598377508667
184,5,1,1,13.074746929125505
184,6,1,1,12.701492323133275
184,7,1,1,13.786798852725902
184,8,1,1,12.183723456809084
184,9,1,1,12.20969673126481
185,0,1,0,8.09442664702747
185,1,1,0,11.056164043810035
185,2,1,0,9.923074244220846
185,3,1,0,12.933605706171273
185,4,1,0,9.594467308237542
185,5,1,1,12.588578129416735
185,6,1,1,13.046504953608414
185,7,1,1,11.398100027011287
185,8,1,1,12.858547713879227
185,9,1,1,12.534661432057185
186,0,1,0,9.696311810323163
186,1,1,0,11.172603958743007
186,2,1,0,9.096251282089344
186,3,1,0,10.274902113082222
186,4,1,0,11.454664291385045
186,5,1,1,11.793378244043701
186,6,1,1,12.203114017307701
186,7,1,1,14.845304563471828
186,8,1,1,12.974391065156057
186,9,1,1,11.993802523357383
187,0,1,0,10.802624760078478
187,1,1,0,9.431906448408974
187,2,1,0,8.43508407583993
187,3,1,0,11.372363945265171
187,4,1,0,8.896940735868986
187,5,1,1,14.951712624997292
187,6,1,1,12.010667624537794
187,7,1,1,14.633264681561855
187,8,1,1,11.131328931479942
187,9,1,1,13.525493586266252
188,0,1,0,10.49972627298465
188,1,1,0,10.837746225555152
188,2,1,0,10.96802270667626
188,3,1,0,9.502254857718828
188,4,1,0,8.691156157997002
188,5,1,1,12.449082269660781
188,6,1,1,12.723030257585133
188,7,1,1,12.028155378844495
188,8,1,1,12.777553970159861
188,9,1,1,12.82962553117474
189,0,1,0,9.089973553456135
189,1,1,0,10.394971281690466
189,2,1,0,9.732787976305355
189,3,1,0,9.300019099796629
189,4,1,0,10.787375138223993
189,5,1,1,11.723008788306455
189,6,1,1,12.043332410095275
189,7,1,1,12.572050850186656
189,8,1,1,13.87431162065424
189,9,1,1,12.692784077724298
190,0,1,0,10.528288332474668
190,1,1,0,9.702357464003503
190,2,1,0,9.92151037562366
190,3,1,0,9.951122766480406
190,4,1,0,10.293306236017024
190,5,1,1,12.20403242695174
190,6,1,1,13.83999988547621
190,7,1,1,12.126833761497858
190,8,1,1,10.792758864794633
190,9,1,1,15.24279660437002
191,0,1,0,9.672631309056248
191,1,1,0,11.313169787091347
191,2,1,0,11.404790841959759
191,3,1,0,10.945214312250382
191,4,1,0,9.801972780402597
191,5,1,1,12.786684819874344
191,6,1,1,11.225489790695073
191,7,1,1,14.490147773818276
191,8,1,1,11.64819400181733
191,9,1,1,12.246099037259125
192,0,1,0,10.098986487040252
192,1,1,0,9.89256024516304
192,2,1,0,9.343126717706605
192,3,1,0,11.394339052054688
192,4,1,0,10.95027928348828
192,5,1,1,12.822047204325694
192,6,1,1,12.10044694400325
192,7,1,1,13.56427587184447
192,8,1,1,12.035531367222434
192,9,1,1,14.070391840337816
193,0,1,0,10.111220915483427
193,1,1,0,11.229781526972715
193,2,1,0,9.886179673816418
193,3,1,0,10.071533182040945
193,4,1,0,11.225421061458666
193,5,1,1,14.693925151804445
193,6,1,1,14.060366817504882
193,7,1,1,13.37713461937785
193,8,1,1,13.089283432957597
193,9,1,1,11.993051309740373
194,0,1,0,10.295229741105432
194,1,1,0,9.086950816003268
194,2,1,0,10.375782133684774
194,3,1,0,10.440050660693574
194,4,1,0,8.039154858531809
194,5,1,1,12.538738609191707
194,6,1,1,12.914874899089105
194,7,1,1,12.416290142860978
194,8,1,1,12.85804883885657
194,9,1,1,11.158277756643686
195,0,1,0,9.224135694439742
195,1,1,0,11.034938163163933
195,2,1,0,10.000571665645777
195,3,1,0,10.339878981314909
195,4,1,0,9.45347883929142
195,5,1,1,12.519494023276856
195,6,1,1,10.197987819864801
195,7,1,1,13.346011938420766
195,8,1,1,14.307932838952471
195,9,1,1,11.434982450785359
196,0,1,0,9.059667812490432
196,1,1,0,10.440879898237483
196,2,1,0,11.473879290506746
196,3,1,0,9.997902682617056
196,4,1,0,8.770681979187495
196,5,1,1,12.291382763362126
196,6,1,1,11.470067919688207
196,7,1,1,11.831153707131223
196,8,1,1,12.195958900846684
196,9,1,1,11.570675411758373
197,0,1,0,9.222094275825436
197,1,1,0,10.074534000222243
197,2,1,0,10.21503581213723
197,3,1,0,8.576019666179032
197,4,1,0,10.396381722509338
197,5,1,1,12.118066136868602
197,6,1,1,13.220261523552608
197,7,1,1,13.28049752068786
197,8,1,1,11.955458819044951
197,9,1,1,13.114147694037733
198,0,1,0,9.16304396030117
198,1,1,0,11.32376206283529
198,2,1,0,9.200863799143535
198,3,1,0,10.352749608625514
198,4,1,0,9.81239085535572
198,5,1,1,11.4831054857624
198,6,1,1,13.40091576178531
198,7,1,1,11.88586819113321
198,8,1,1,10.799927835021693
198,9,1,1,9.61798663683197
199,0,1,0,9.12495530557203
199,1,1,0,11.375908419298973
199,2,1,0,11.25773846750366
199,3,1,0,9.281401597652469
199,4,1,0,9.62554508529862
199,5,1,1,12.035086924443977
199,6,1,1,11.166567854550431
199,7,1,1,11.551168128376657
199,8,1,1,13.481149519400784
199,9,1,1,13.003887871379401
