covariate,treatment,treatment_effect,outcome
1.4466861694873019,1,3.8933723389746038,2.774495324864827
-1.1632398287502903,0,-1.3264796575005806,-2.3512239413483194
1.09223944190075,0,3.1844788838015,-1.2984998504533216
-0.5501448983483982,1,-0.10028979669679638,0.286204978116916
0.16392595343337182,1,1.3278519068667436,1.2099275273178791
0.2259874601043047,0,1.4519749202086094,0.7521329079821167
0.1977074407087954,1,1.3954148814175908,1.8971594981285573
0.6744991984345704,1,2.348998396869141,1.7127180471439372
0.39145949793353263,1,1.7829189958670653,1.2938355020715182
0.7836491298705383,1,2.5672982597410767,2.1819694840878507
0.46461996034513564,1,1.9292399206902713,3.813586004186924
-1.2644552589258438,1,-1.5289105178516875,-0.838088203164318
0.26979907455798763,1,1.5395981491159754,3.4312850482944808
-0.5638699025053332,0,-0.1277398050106664,0.840779372341814
-1.1092624779072835,0,-1.218524955814567,-0.06358339492155138
-0.28983989267729987,0,0.42032021464540026,-1.0193614869856649
0.1832355990350907,1,1.3664711980701814,1.5679908692189253
0.24967502798778463,0,1.4993500559755693,-0.06086917221623043
1.056024745140268,0,3.112049490280536,-0.0936472853382139
1.3073091189715773,1,3.6146182379431546,3.405519161043905
0.3362808307573559,1,1.6725616615147119,-0.37990104606151043
0.5171063770094092,1,2.034212754018818,3.295052570553474
0.09530903317565519,0,1.1906180663513104,-0.050453489217317314
0.7672254636495847,0,2.5344509272991695,-1.4142531160286418
0.4869881388370644,0,1.9739762776741288,0.48176270907364516
-0.05448809385780392,0,0.8910238122843922,-0.8558361686065281
2.1519825670043002,0,5.3039651340086005,0.5621406229707828
-0.5461833634418188,0,-0.09236672688363767,0.8816564605124606
1.4544569567083374,0,3.908913913416675,1.0196364906693178
-1.3542929263269372,1,-1.7085858526538744,-1.8695025793086948
0.8136165364514548,0,2.62723307290291,-0.41377772801851714
1.4365683517268373,0,3.8731367034536746,-0.6255383602646701
-1.9072190710079198,1,-2.8144381420158395,-3.536994230476336
0.13895057305509406,1,1.2779011461101881,1.260671081899271
0.7154140412440437,1,2.4308280824880875,2.2214850200963476
0.2519636041280662,0,1.5039272082561324,-0.825303815822166
0.37815593560696303,1,1.756311871213926,0.6125271174110214
0.13622316237666332,1,1.2724463247533266,1.1636902324947442
-1.094247826361592,1,-1.188495652723184,-1.6226932706670147
2.368045592155442,0,5.736091184310884,-1.1413669732818656
-0.5035378633157992,0,-0.007075726631598389,0.8305710134214074
0.43416123877890517,1,1.8683224775578102,3.640415228383059
-0.6468396770854272,1,-0.29367935417085445,0.6689088598133701
-2.2758631900206985,1,-3.551726380041397,-4.271914391717441
-0.9245128737489688,1,-0.8490257474979377,-0.8992554320878742
-1.447606692275138,1,-1.895213384550276,-0.3547844328628156
1.0915675392244895,1,3.183135078448979,2.009435435671486
-0.606868016044455,1,-0.2137360320889099,0.5688590945963155
-0.514091339179963,0,-0.02818267835992594,-1.4480832081439898
-1.0643307126037365,0,-1.128661425207473,1.6840376274313287
0.09403539871510253,1,1.1880707974302052,0.7577562726792153
-0.7164585163612808,1,-0.43291703272256155,1.7961266918012513
0.9923547312467885,0,2.9847094624935773,1.7280637986418301
0.30203932308916087,1,1.6040786461783219,1.497648136596934
-0.571825785724448,1,-0.14365157144889595,-0.8630569445593066
0.8502330518370192,0,2.7004661036740387,0.19477547189091382
0.007940523023238076,1,1.0158810460464762,0.8357220793999125
0.02149690568995103,1,1.042993811379902,0.6414268477943096
-1.4626349037319257,1,-1.9252698074638515,-3.5833830620421487
-0.07108613278531384,1,0.8578277344293723,0.3432741507747854
0.3215446393179984,0,1.6430892786359967,-1.1104791217562398
1.3335668221983452,1,3.6671336443966904,4.218781350821927
-0.7518936299033228,1,-0.5037872598066455,0.48728405679077913
2.2781086233855112,0,5.5562172467710225,0.7406840039235967
0.5568683168289861,0,2.113736633657972,0.34237508962750746
-1.5194118760338073,1,-2.0388237520676147,-2.891730819208517
-0.8451981140855563,1,-0.6903962281711127,-0.48499545556920265
1.420999164216819,0,3.841998328433638,0.7927651436443756
1.2432291429623945,0,3.486458285924789,-0.5862355743997301
0.018093481560502625,0,1.0361869631210052,0.11898642139500626
0.14991770305785201,0,1.299835406115704,-0.14546158926992317
-1.1646102737259714,1,-1.3292205474519427,0.3331461221585419
1.321442740235342,1,3.642885480470684,4.4944336157352085
-0.9877670867744672,0,-0.9755341735489345,0.6091596117483914
0.8447411111234174,1,2.689482222246835,0.9727884882814002
1.352042368665138,1,3.704084737330276,3.876922064097859
0.04815555421950895,0,1.0963111084390178,-0.15501342892457007
0.9676113661221984,1,2.935222732244397,2.771565621674524
1.8476397080256943,1,4.695279416051388,3.131865943309748
0.267968799210738,0,1.535937598421476,-1.0877686222975693
-0.17530181643194626,0,0.6493963671361075,-0.06801748790578266
-0.06685285755151667,1,0.8662942848969667,1.980650063087428
-0.7429879026720885,0,-0.48597580534417695,-0.5905245698394233
-0.7655837927368733,0,-0.5311675854737465,-0.39993872710426737
0.44240676382570276,1,1.8848135276514055,3.6659055229376136
-0.16394982214928452,1,0.6721003557014309,0.3752779665335944
0.3275691768512657,1,1.6551383537025313,1.52634882984895
-1.4899361498525714,0,-1.9798722997051428,-0.11524478205174134
-0.09261882518714007,1,0.8147623496257199,-0.5307427967787905
1.030117850090463,1,3.060235700180926,3.632033823596041
-1.1189242769760182,1,-1.2378485539520363,-1.890724672536375
0.016526414134551155,0,1.0330528282691023,-0.030070617039738255
-1.8546093108984105,0,-2.709218621796821,0.4443729644177974
-1.3054620222731737,1,-1.6109240445463473,0.33163354448904503
0.8076608876780498,1,2.6153217753560996,1.2975517308098563
-0.30928429331294965,1,0.3814314133741007,1.2464135984403244
1.8220728655385423,0,4.644145731077085,0.868723256173968
0.4324431104243127,1,1.8648862208486254,1.2266714480693521
0.5305956648893245,1,2.061191329778649,2.6606951778306303
-1.076482049894899,1,-1.152964099789798,0.4904720515020937
-0.38510537684445295,0,0.2297892463110941,-0.764971209212442
-0.7326361820476124,1,-0.46527236409522477,-0.2238025669600699
-1.0654417395505857,1,-1.1308834791011715,-0.7260821151613863
0.6638931260961352,1,2.3277862521922703,2.86196510714582
0.8645158657686794,1,2.7290317315373587,3.4983234922533715
0.3989371941674486,0,1.7978743883348973,0.1663048282521741
-0.828067193225987,1,-0.656134386451974,-0.1426982001039716
0.33073003509746257,0,1.6614600701949251,-0.9114736501237233
-1.9126784014656564,1,-2.8253568029313127,-2.6613533092917554
1.3230092687080401,0,3.6460185374160803,-0.4763412656805142
-1.2981501756374365,0,-1.596300351274873,-1.2298289051540876
-1.1204589824384634,1,-1.2409179648769268,-1.7500625143138273
0.11529226957019256,0,1.2305845391403851,0.2694563921980581
0.20415956024204565,1,1.4083191204840912,1.8441163968542842
-0.07274859845178451,0,0.854502803096431,-1.2684591209227711
-1.1101279409822962,1,-1.2202558819645923,-2.157932598689463
1.1333479936032922,1,3.2666959872065844,3.9913522668998054
-1.6859492010692505,0,-2.371898402138501,0.5081480926158632
-1.4832689904484448,1,-1.9665379808968897,-1.0794353188505368
-0.1069827719544813,0,0.7860344560910374,1.3678304271765602
-1.2642339818443877,0,-1.5284679636887755,0.5378871095905987
1.2226252762759253,0,3.4452505525518506,-0.41480762717087216
-1.1782146354129148,1,-1.3564292708258296,-1.2415798127439128
1.5570271522103123,0,4.114054304420625,1.6598971009273822
1.0351221657715732,0,3.0702443315431465,2.764448997785387
1.2350557355075837,1,3.4701114710151675,3.9332078367575267
1.8871059829532455,0,4.774211965906491,0.5355541388113064
0.08122792409576554,0,1.162455848191531,0.7257083669974164
-1.0129745958199576,0,-1.0259491916399153,0.023792845819362977
-0.10300787576864179,0,0.7939842484627164,1.1638539023426235
-0.5666656054089627,0,-0.13333121081792543,1.008045292732851
-0.7091912725137224,0,-0.41838254502744476,0.3543764471488165
0.15085343680683233,0,1.3017068736136648,-0.3180199060056156
-0.31170421420774647,0,0.37659157158450707,-1.5206963873771369
-0.7522096843169965,0,-0.5044193686339931,0.7324135476142503
-0.24540239258725827,1,0.5091952148254835,0.7220535300515875
0.548978464203705,1,2.09795692840741,1.360189197753309
0.956417206592696,0,2.912834413185392,-1.1299202649946274
-1.6029239131909896,1,-2.205847826381979,-1.5444149769987274
-0.30320108632854215,1,0.3935978273429157,-1.2076384942740492
-0.14134320547470453,1,0.717313589050591,1.016954776494396
-1.182520022227632,0,-1.365040044455264,0.8435504091688936
-0.11970573304069933,1,0.7605885339186014,1.3104814203352246
0.14799560954002816,0,1.2959912190800562,-0.3907397743584403
0.5188345452809907,1,2.037669090561981,0.788294606087067
0.07715802563167032,0,1.1543160512633406,0.5870192397951901
-0.8809494099975556,0,-0.7618988199951111,1.2005230919534204
2.012030027571847,0,5.024060055143694,-0.5727333547430408
0.8291267716215981,1,2.6582535432431964,3.1651617435360557
0.5527197446498667,1,2.1054394892997337,3.6869546080315425
1.0048312570109361,0,3.0096625140218722,0.33884709644161004
0.24460917181047706,0,1.489218343620954,-0.3968801448777876
1.2863008855219549,1,3.5726017710439097,4.613455311107067
0.05687195028576429,1,1.1137439005715286,0.3761829264137163
0.0017474602741839962,1,1.003494920548368,-0.294697094504655
0.6352284787912039,1,2.270456957582408,3.082778148728387
1.5763575462909234,0,4.152715092581847,-0.40616226348356327
1.5120486152893071,0,4.024097230578614,-0.3165210140036845
0.5928475982599956,0,2.1856951965199913,-0.6269406355510714
0.5166118585767997,0,2.033223717153599,-0.4728173955540838
0.6960424110964861,1,2.392084822192972,3.7951182497198377
0.9856209133365973,0,2.971241826673195,1.6624987657836672
1.2987319394132422,0,3.5974638788264843,1.7949786361446092
-0.23658408400384975,0,0.5268318319923004,1.0901206211775125
1.3180612898373913,0,3.6361225796747827,0.4662712597732377
0.342995114071306,1,1.685990228142612,0.2537046362094988
0.6509316224999498,0,2.3018632449998995,-0.18752470290034973
1.3819493215339949,0,3.7638986430679897,2.1567544886236876
0.7470622500906786,1,2.494124500181357,2.058502921428703
0.9159955631528404,0,2.831991126305681,1.514144474772275
-0.3894185332824212,0,0.22116293343515758,0.05503581903054495
1.4983115437496803,1,3.9966230874993607,1.3184807016462146
0.695686711076125,0,2.39137342215225,0.6404855636689628
0.12606571784049764,1,1.2521314356809952,2.5183861318593066
1.1010743868931026,1,3.202148773786205,3.1531528051456608
2.587830497760499,0,6.175660995520998,1.2330510044854137
-1.1689245018219347,0,-1.3378490036438695,-1.6678275144170867
-0.8037326229232822,1,-0.6074652458465644,-1.9930295097459336
2.6853053088358845,0,6.370610617671769,0.20486430808568756
0.4266948423043742,1,1.8533896846087483,2.33050441242628
0.19086967863156787,0,1.3817393572631358,1.3565788685922786
-0.11538574166216507,1,0.7692285166756698,1.4081529834242306
1.2084360009714399,1,3.4168720019428798,2.223242912577837
2.611247308810287,1,6.222494617620574,6.43554023969496
-0.6651885407333455,0,-0.3303770814666911,0.600727445288149
-0.09687672718933386,0,0.8062465456213322,-1.8742339986971288
-0.3507271285678659,0,0.29854574286426816,-0.04363346973801532
0.7328649768192781,1,2.465729953638556,2.130147409700331
1.2223934376505747,0,3.4447868753011495,-0.6546930737457449
1.6209327853331168,1,4.241865570666233,4.740642622418905
0.7667182826202803,0,2.5334365652405606,-1.1496815265579239
2.519332791243617,0,6.038665582487234,0.4168795120036495
-0.574752983207413,0,-0.14950596641482594,0.5594911292088945
-0.8345405524327041,1,-0.6690811048654082,0.41468220539556544
1.469344293316209,1,3.938688586632418,2.8152693238398134
0.1228323195963367,0,1.2456646391926733,-1.5052342183545473
-1.375940323415281,1,-1.7518806468305619,-1.47297703949155
-0.3160629716374493,0,0.36787405672510143,-0.28627123386770176
0.25565865409727384,1,1.5113173081945477,4.413967570688269
-0.6462482379073549,1,-0.2924964758147097,0.16600200042822227
-1.0146606870945887,0,-1.0293213741891774,0.05816171170418171
-0.20762913652587592,0,0.5847417269482482,-0.17282795567641604
-1.0645334203617114,0,-1.1290668407234228,-1.218061845439449
0.6351310389802319,0,2.2702620779604636,0.5638815529545973
-1.9438048468928464,1,-2.8876096937856928,-2.9667547200564908
0.09042492796542237,1,1.1808498559308447,1.1025361725014098
0.5195098881083026,1,2.0390197762166054,2.1334631017152605
-0.09054123974837629,1,0.8189175205032474,1.040130050420493
1.093222897070873,0,3.186445794141746,-1.7392556459175217
-1.3705612342041356,0,-1.7411224684082711,0.8370230063709317
-0.7010895013761145,1,-0.40217900275222895,-1.2486233775681517
-0.33003464625088946,1,0.3399307074982211,0.20189851002959372
0.7127245694093065,1,2.425449138818613,3.7113540594839023
0.21850758604612067,1,1.4370151720922413,3.216463764362355
2.143365982742418,0,5.286731965484836,-1.7004944386263916
-0.8057858969738931,0,-0.6115717939477863,0.030244827674648884
-1.3949888985806513,1,-1.7899777971613027,-1.5170646119952664
1.789088982933061,0,4.5781779658661215,-1.5075300261914468
-1.4308585839323829,1,-1.8617171678647657,-1.0591258034466007
0.683062711399045,0,2.36612542279809,0.11626267741417287
-0.9786700420219693,0,-0.9573400840439386,0.19415959569499655
-2.069318350847686,0,-3.138636701695372,-0.9175529183419349
-0.37478379381323196,1,0.2504324123735361,0.6633190557548847
0.89949996247716,1,2.79899992495432,3.6372238813442577
-1.2217710884730737,0,-1.4435421769461474,0.12729788372593373
0.576094728144831,0,2.152189456289662,-0.5139359009630537
0.7628635611864517,1,2.5257271223729036,2.0896578043265395
-1.271690141519304,0,-1.543380283038608,0.22039570712596557
-0.22776128871237047,0,0.5444774225752591,0.0487973783806294
1.5770748223271638,0,4.154149644654328,0.9048221191193951
0.6505926199637431,0,2.301185239927486,-0.4802582875241659
-0.26149246457602043,1,0.47701507084795913,-0.7413655318928659
0.4152954812539195,0,1.8305909625078391,0.3593860773205031
-0.6852633084704479,0,-0.37052661694089584,-0.4775298529987034
1.113695678385025,0,3.22739135677005,0.7836819490363669
1.1132600646021393,0,3.2265201292042787,0.0075386304576006745
0.12090591508605468,1,1.2418118301721093,1.8966250345369318
0.23070615645769357,0,1.461412312915387,-1.0143170467307878
-0.9987968750056725,1,-0.997593750011345,-0.8542074867815239
-1.3520364270678291,0,-1.7040728541356582,-0.6992632073839163
-0.37660474394153076,1,0.24679051211693848,-0.9735831409592817
-0.08740170969117815,1,0.8251965806176437,-0.03591129745337163
1.062627497387989,0,3.125254994775978,-0.544477091775859
0.9224277506183108,1,2.844855501236622,4.089550028260474
0.18483288835909284,0,1.3696657767181857,-0.5709403994926594
1.190538984372787,0,3.381077968745574,-1.2715402502782231
-0.9434861788144033,0,-0.8869723576288067,0.13147742249666883
1.0773368872783697,0,3.1546737745567395,0.029180660677674677
-0.7904287143494676,0,-0.5808574286989352,-0.492053012010198
1.2396945300642426,0,3.479389060128485,-0.16122346584612657
-0.013346464769981237,0,0.9733070704600375,0.9762270859965708
-1.9982866765377374,1,-2.996573353075475,-2.3258675876762984
0.7301571640314422,0,2.4603143280628843,0.5842302068737311
0.80954575950078,0,2.61909151900156,-1.1836787845202303
-0.4565800544885821,0,0.08683989102283585,2.886548061715323
-0.37125957839401674,0,0.2574808432119665,1.0512522102742219
-0.15954527988460382,0,0.6809094402307924,0.5170285631908719
-1.9251518126262714,0,-2.850303625252543,-1.16431177439721
-2.3647281730951435,1,-3.729456346190287,-2.7817262334561796
1.3016256381303892,0,3.6032512762607785,-0.5011285102993281
-0.8240676674105768,1,-0.6481353348211536,-0.8424061394571192
1.8552641095763638,0,4.710528219152728,-1.680779276059283
1.370401801138914,0,3.740803602277828,-1.2414830859405093
1.5671953142697388,0,4.134390628539478,0.438546498827135
-0.6502989524671549,1,-0.3005979049343097,0.7056367703361801
-1.608401186930581,1,-2.216802373861162,-1.5318979540661268
-1.086882306594355,0,-1.1737646131887098,0.6508189967429487
-0.4464547271529116,0,0.10709054569417675,-0.06476645695970673
-2.37322973285064,0,-3.74645946570128,-0.4067070153662121
-0.47542568912416716,0,0.04914862175166568,0.28889514356539353
-0.20167802751111075,1,0.5966439449777785,1.4180522680780523
-1.2944209715866946,1,-1.5888419431733891,-1.5839796882397978
-1.0404850982458325,0,-1.080970196491665,1.2102520199134048
-0.22059852118080178,0,0.5588029576383964,-0.21506926381600766
0.3562865483103014,1,1.7125730966206028,0.7322941613245516
-0.8908226680002443,1,-0.7816453360004887,-0.7920075780414895
0.2922526095762693,1,1.5845052191525386,1.690477497412107
0.13684600798785523,0,1.2736920159757106,-0.08203006727640945
0.046885859018390895,1,1.0937717180367819,2.3744272789190433
-0.652014123856577,0,-0.30402824771315395,0.8053019807240389
-1.333379596035383,0,-1.6667591920707658,-1.4309409886217097
1.69645197990074,1,4.39290395980148,5.927270973999765
0.630305916457426,1,2.2606118329148517,-0.4808052279143209
1.005731653060738,0,3.011463306121476,2.1510243728524974
-0.08362968483892229,1,0.8327406303221554,0.5454351167652791
-0.16402544226013785,1,0.6719491154797244,0.4823813788282242
0.49065968072538757,0,1.9813193614507751,-0.060016238973640036
-1.8346883504522455,1,-2.669376700904491,-2.2841712680643105
-1.1146434693531446,1,-1.2292869387062892,-1.2295501399731323
-0.797774878028373,1,-0.595549756056746,-0.7289449448940141
-0.4545664225417623,0,0.09086715491647535,1.3089183093561854
-0.8796956794701541,0,-0.7593913589403083,0.5655960797508497
0.33280712525074635,1,1.6656142505014926,0.7068103961307312
0.08144723446283578,0,1.1628944689256715,0.7406739143357246
1.392864689751377,0,3.785729379502754,0.5241070031833391
2.4737591571125623,1,5.947518314225125,5.402244588643906
-1.262850240148433,1,-1.525700480296866,-0.7335620539347045
0.14730521396844534,0,1.2946104279368906,-0.15757260122303976
0.1455258782069742,0,1.2910517564139483,-0.22167347212510063
-0.014198069764662404,1,0.9716038604706752,0.7226907430377407
-1.0848245709655016,0,-1.1696491419310031,-2.4281180569523992
-0.9171974456425503,0,-0.8343948912851007,-0.5266993329346015
0.24040561191611923,0,1.4808112238322384,0.7131732421256012
-0.9453500733072366,1,-0.8907001466144733,-0.9131113895182362
0.15927197216700795,0,1.318543944334016,-1.2851864298557496
-0.24594978454560537,1,0.5081004309087893,1.4727316861008268
0.14165790312128204,1,1.283315806242564,0.9847156466991684
-0.9533004704344341,0,-0.9066009408688682,-1.221575490661523
0.15746924233453652,0,1.314938484669073,2.206012461671015
-0.8809525834765903,0,-0.7619051669531807,-1.0531725944877557
0.16069560865691826,0,1.3213912173138365,0.8794915112857101
1.3393961224391575,0,3.678792244878315,-0.7693141008546045
0.26098385001607055,1,1.5219677000321412,1.657794534605963
0.32187038238305715,0,1.6437407647661142,-0.9021809633681757
0.817206517497548,1,2.634413034995096,1.3951088537214373
-1.4035583444732629,1,-1.8071166889465258,-1.2849141442751164
1.7189215737230124,0,4.437843147446024,0.4052905451344006
-1.05558999261237,0,-1.11117998522474,1.1446494442190644
0.879660997368937,1,2.759321994737874,2.724940064442011
0.7469099872563228,1,2.493819974512646,4.714171768639138
-0.9021663615047605,1,-0.804332723009521,-0.5359860555724854
1.0088861367667623,0,3.0177722735335246,0.5667746812372123
0.4978127664133091,1,1.9956255328266184,0.63719628771939
1.8899786444022575,0,4.779957288804515,-0.6140843151225307
0.19337875134129315,0,1.3867575026825862,0.5196797005159772
-0.10854333152259746,0,0.7829133369548051,-0.08422776241358294
-0.5147625279182043,0,-0.02952505583640863,0.18768313503463585
-1.7433552713511733,1,-2.4867105427023466,-3.30320429841654
-0.31822756475115965,0,0.3635448704976807,0.12194697347162194
-0.2758983942588769,1,0.4482032114822462,0.5667491030739827
0.26205818255743474,1,1.5241163651148695,0.34368134522963056
-1.4231031108824657,1,-1.8462062217649313,-1.2036563770843407
-0.23901221118687904,0,0.5219755776262419,-1.700064946917969
0.5762513920221156,1,2.1525027840442315,2.336740864641915
0.6755096754925167,0,2.3510193509850335,1.7655926938255004
-1.8598151761373272,1,-2.7196303522746543,-2.0390798144555724
0.7064066086532246,1,2.412813217306449,3.0871124633435536
-0.2465739131214919,0,0.5068521737570162,-0.8974266749486851
-0.18501087749855402,0,0.6299782450028919,1.7690620531528607
-2.364515369855838,1,-3.7290307397116758,-2.352312645109387
1.4935711625578796,1,3.987142325115759,3.143552302220192
0.1767988850112951,0,1.3535977700225903,-0.47476324181487695
-1.531460426522707,0,-2.062920853045414,1.254656044926688
0.3752015749164665,0,1.750403149832933,1.7961473783167576
0.34447844084702445,1,1.688956881694049,0.4242708466037608
1.2225441529329892,0,3.4450883058659785,-1.0037107697245766
-0.3096887692908779,1,0.3806224614182442,0.2368357049960748
0.011996068938586246,1,1.0239921378771726,-1.1471018915653426
-0.6428078002379078,1,-0.2856156004758157,-0.2665704402663924
0.5979486139927381,1,2.1958972279854763,3.3816407420154606
-0.7834903416750496,0,-0.5669806833500992,-1.4386370162357494
-0.8929905170802298,0,-0.7859810341604596,0.12710696497508725
-0.06779753777992058,0,0.8644049244401588,-0.5817707049953131
-1.2258637713038287,0,-1.4517275426076575,1.6399459487539176
1.6021312185392342,0,4.2042624370784685,-0.5697918621330511
1.9272667277418754,1,4.85453345548375,6.373526543232334
-0.45359008542181534,1,0.09281982915636933,-0.5046352416548577
-1.386595006557165,0,-1.77319001311433,0.7711758053341295
0.33659203890206146,0,1.673184077804123,0.251945618362699
-0.48210251796892406,0,0.03579496406215188,-0.1382726665143016
1.174681132528032,1,3.349362265056064,2.5588336960020883
-0.7871465955299036,1,-0.5742931910598073,-0.25119776974191416
0.5445132224284427,0,2.089026444856885,-0.4405352624849121
0.11399358939169314,1,1.2279871787833863,0.538220953975248
-0.6762615106134099,0,-0.3525230212268198,1.4727227413757202
0.2400498284919416,0,1.4800996569838831,0.5475302274932272
0.8785325584748495,0,2.7570651169496987,0.643638951907203
0.08684851905539678,1,1.1736970381107936,0.7820985194985309
0.09728466512625855,0,1.194569330252517,-0.18597834708330468
-0.8727834278536748,0,-0.7455668557073496,-0.24857666735111172
1.1442047979041359,0,3.2884095958082717,0.33723891250097726
1.0445465781431837,0,3.0890931562863675,0.6418034518425058
-0.4105591886864966,1,0.1788816226270068,0.14863025231543509
-0.1242884594829956,0,0.7514230810340088,-0.7926449941806413
1.4142206726903268,1,3.8284413453806536,4.589011802407202
-1.1335708210474553,0,-1.2671416420949106,0.03340386820833625
0.6042883913587814,0,2.2085767827175626,-1.4408363787709808
-0.5586137731311284,0,-0.11722754626225673,-2.135294750079688
1.778077876751641,0,4.5561557535032815,0.2978971754604735
0.06344672866533706,0,1.1268934573306741,-0.8294737988777039
1.2603785181400424,0,3.520757036280085,0.4310621293964528
-0.7613273484611286,1,-0.5226546969222572,-1.2982730057861915
-1.2485286823242678,1,-1.4970573646485357,-1.3638715921535285
-0.234259457201112,1,0.5314810855977761,0.15307955763568476
0.2626834579468364,0,1.525366915893673,1.7519208102733048
-0.5107316820164134,0,-0.02146336403282678,0.9503156578186444
0.7583074262749673,0,2.5166148525499343,1.34729690018783
-0.20995356781042931,1,0.5800928643791414,0.6041406334982073
-2.0814371617666056,1,-3.1628743235332113,-2.34051338441833
0.5528119791930007,1,2.1056239583860012,2.197274035987143
-0.8825370591471574,0,-0.7650741182943148,1.4695913674337262
-0.36159738167651845,0,0.2768052366469631,-0.07256206525627357
1.5531312035393556,0,4.106262407078711,-1.3974893403607938
1.7728117241210901,0,4.54562344824218,-1.9986215252539388
-0.5754934350928116,0,-0.15098687018562318,1.6683111195645148
0.57778663063184,0,2.15557326126368,0.47850447415085934
-0.5522744904226446,0,-0.1045489808452893,0.5442568500417417
-0.28687297889860314,0,0.4262540422027937,1.4896478422915818
-0.6057754148985527,0,-0.21155082979710538,-1.6517349437259554
-1.7243436803964847,1,-2.4486873607929693,-2.807288576024777
0.09505522373370942,0,1.190110447467419,-0.23606982961503353
0.28816538694616667,0,1.5763307738923333,0.7422752332070148
-0.6710017453111383,1,-0.34200349062227664,-1.0346437157231594
1.087791711437109,1,3.175583422874218,1.974209679359428
-0.43608021709521955,0,0.1278395658095609,-1.210348650997107
-0.6372118248590148,1,-0.2744236497180297,0.8749944265539906
0.5265031181081061,0,2.0530062362162123,-0.7425320938031175
-1.542681989972529,0,-2.085363979945058,-0.5520174843218115
0.9066790317028058,0,2.8133580634056115,0.6344981507279046
-0.4021691573943628,0,0.19566168521127436,-0.6989454082348997
0.9892860763940897,1,2.978572152788179,1.2736237300325375
1.2881305258291558,0,3.5762610516583115,-1.581701173724899
0.6401534423571412,0,2.2803068847142827,-0.05680739671545823
-0.8119732927283112,1,-0.6239465854566224,-0.1266181550914009
-1.2508317064844046,0,-1.5016634129688091,-0.20224524385042006
-1.434072663335236,1,-1.8681453266704722,-1.4377026228614032
1.102910701701311,0,3.205821403402622,-1.6128375260076355
-0.13480011220018331,0,0.7303997755996334,-1.545303540968108
-0.5992217945308487,0,-0.19844358906169735,2.2539359162942416
-0.13208215153889175,1,0.7358356969222165,1.9686199690588966
1.080621208954168,1,3.161242417908336,3.930214309806854
0.7787397853595502,0,2.5574795707191003,-0.6597246707344391
0.43850615570885465,0,1.8770123114177093,-0.23800619073045068
0.637886057426405,1,2.27577211485281,2.2740947977192096
0.1801723554969486,1,1.360344710993897,2.674690824710421
0.30211305729642474,1,1.6042261145928496,2.007008881037941
0.221025231151047,0,1.442050462302094,0.5259138012878014
-6.124562755371822e-05,1,0.9998775087448926,0.8322225736273927
0.7533738838312816,0,2.506747767662563,0.7926650668400846
0.36128210620039475,1,1.7225642124007896,2.0248869598320627
-0.8807150311069579,0,-0.7614300622139158,0.04402273274568029
0.5288743855226535,1,2.057748771045307,1.3146645988590357
0.24724706637930446,0,1.494494132758609,-0.11357174210163236
0.6114134689150991,1,2.222826937830198,1.1432942340502423
-0.10420691361502854,1,0.7915861727699429,0.7514471667829883
0.8117403137671578,1,2.623480627534316,2.7123919854992153
-0.06140855086615698,1,0.877182898267686,-1.527335486338628
0.723879686600545,1,2.44775937320109,2.2174198341005864
-0.4564715159505109,1,0.08705696809897823,-1.0888232365056143
-0.3872540540989525,0,0.22549189180209495,0.49863932551669454
0.6020525232101246,0,2.204105046420249,0.6371597435509948
-0.3317733937447442,1,0.33645321251051163,-0.0898866051548059
2.2057826947481614,1,5.411565389496323,5.9605874766182385
0.5664449867790268,0,2.1328899735580533,0.591066936335061
0.024923486154200765,1,1.0498469723084016,0.8201311328966335
0.8199007767588492,0,2.6398015535176986,1.5342869753036579
-0.48068040997651684,0,0.038639180046966315,-0.7250749370065016
0.9230148192330175,1,2.8460296384660353,4.317395341719202
0.8952352166635325,1,2.790470433327065,2.5652710041438596
1.25353405777955,1,3.5070681155591,2.6637417623331325
-0.44080953134857737,1,0.11838093730284527,-0.23316753850153704
-1.2227332541377447,0,-1.4454665082754894,-1.0993892277293233
-0.6101546392025485,0,-0.22030927840509706,0.7845578673892027
-0.281630515972747,1,0.43673896805450596,-1.1660300100207703
1.667211600851755,1,4.33442320170351,5.7240317554723354
2.195012029127749,0,5.390024058255498,-0.9358672017464602
0.34466230464398234,1,1.6893246092879646,2.525977981133919
0.009390608018599282,1,1.0187812160371985,1.0430070770976665
-0.3499078304742111,1,0.3001843390515778,0.5709996221011739
0.8246903502108671,1,2.6493807004217342,2.0593373291443706
2.1885813919915176,0,5.377162783983035,0.3528080003331323
1.7858508911882716,0,4.571701782376543,0.1349742885508641
1.1379766126058337,1,3.2759532252116674,1.8180421570423397
1.1233025311138565,1,3.246605062227713,2.284105059294455
0.8323098862541146,0,2.664619772508229,-0.5409121110098064
-0.0472906457085348,1,0.9054187085829304,0.15042219045648086
-0.7365482225407958,1,-0.47309644508159154,0.7797145003020598
-0.020814089327941376,0,0.9583718213441172,0.007014183847499382
0.4223396021313532,1,1.8446792042627065,1.0660078566228246
-1.453633898718295,0,-1.9072677974365901,-0.49076982400303953
-0.15295072936620885,0,0.6940985412675823,-0.5044630835470667
-0.8259323545912736,1,-0.6518647091825471,-0.9399141811876129
1.0138411610681415,0,3.027682322136283,-1.0753294047195996
-0.5497084021567107,0,-0.09941680431342137,-0.8139311105973189
0.32822033198098743,1,1.6564406639619749,2.4230475751261853
-0.7000202929355765,1,-0.4000405858711531,-0.21469748250423956
1.5976993259609156,0,4.195398651921831,-0.15233754654020037
-1.7007569365345856,0,-2.401513873069171,0.0026228173150997704
0.47584037684396685,0,1.9516807536879337,-0.045560756575410574
-1.2772576684399326,1,-1.5545153368798652,-1.7636464416115092
-0.5093326504848509,0,-0.01866530096970176,0.5171048387074789
0.2061867036845048,0,1.4123734073690097,0.44315998584792593
0.2553570313168378,0,1.5107140626336757,-1.5717629732272154
0.2292668410954131,0,1.4585336821908261,-0.13156218590924293
0.15174914097550044,0,1.3034982819510008,-1.5058193993407651
-0.6418442618734426,0,-0.28368852374688514,0.6355772034557065
-0.16405332308881104,1,0.6718933538223779,1.4395599106726613
0.03163401617891492,1,1.0632680323578299,0.45248913471613394
0.1953603967588828,0,1.3907207935177657,-0.11675895533471585
-0.06568047280698833,1,0.8686390543860234,-1.2428012427362225
0.7295904209844546,1,2.459180841968909,3.4319706560609355
0.0933869701509424,0,1.1867739403018849,0.709673740251402
0.20132596762161345,0,1.402651935243227,1.1500852617375261
-0.382652348311517,0,0.23469530337696598,1.4865441403370998
-1.0524419266144223,1,-1.1048838532288445,-2.3289931462056197
0.1540289307324705,1,1.308057861464941,2.1961020631033827
1.207446043962938,1,3.414892087925876,4.894196532344336
0.4438612307304131,1,1.8877224614608261,0.39314459043159
-0.8174939412147919,1,-0.6349878824295838,-0.8061990942752973
0.8147400258186043,1,2.6294800516372083,2.266078068407784
-0.33511706779395667,1,0.32976586441208666,1.1852277286035848
0.7146539804802873,0,2.4293079609605748,-2.39394106634408
-0.36879586489616106,0,0.2624082702076779,1.8159576962321944
0.3533064398273697,1,1.7066128796547395,1.594075815460146
-0.5184973366243468,1,-0.036994673248693655,0.8790997287684521
-0.4930524964703345,0,0.013895007059331,-0.060237237691590756
-1.5662653670957396,1,-2.132530734191479,-1.6404056832118052
0.5120748191611598,1,2.02414963832232,-0.29726862029382994
0.3701696348203371,1,1.7403392696406743,1.3554568968399643
0.42644271626094254,0,1.852885432521885,0.8477612113436787
0.27533056113181104,1,1.5506611222636222,1.8393934689773168
-0.7622500333233032,0,-0.5245000666466064,-1.6368410927267576
0.9658992644935801,0,2.9317985289871604,0.061424893876613075
0.99277930009227,1,2.98555860018454,2.1668162743230353
-0.7882374651705827,1,-0.5764749303411654,-1.4818941815146034
0.5321239913499579,0,2.064247982699916,-1.5206942733167177
0.874991185367977,1,2.749982370735954,3.368684992643084
-0.47009827334372145,0,0.0598034533125571,1.113014443935635
-0.29603568924435214,1,0.4079286215112957,2.5280717556741408
0.534113408211786,1,2.068226816423572,0.5941784246806436
-1.5103297694143012,0,-2.0206595388286024,0.7673721612264757
-1.088517221534,0,-1.177034443068,0.8331713704209083
-0.9897750078695615,1,-0.979550015739123,-1.5600546929571313
-1.7963163648254954,0,-2.592632729650991,-0.9175783854093308
1.0849397741874804,0,3.169879548374961,-1.0857423209669304
-1.988131814191667,0,-2.976263628383334,-0.5273532434602152
0.3431106634313661,0,1.6862213268627322,0.20262159585594974
0.8116833947552199,1,2.62336678951044,3.9834788000172523
-0.29359595441326736,0,0.4128080911734653,1.1053383380101165
-0.6683676247312452,1,-0.33673524946249045,-1.952152193731153
0.23284245073663914,0,1.4656849014732782,-0.7888432486005119
0.0018330005944814697,1,1.0036660011889629,2.3033063754984333
1.0035048624164156,1,3.007009724832831,2.2759168922377633
-2.628521140397957,0,-4.257042280795914,-0.05691416341017614
-0.9187074761481279,1,-0.8374149522962557,-2.542703886910341
0.5615768839160554,0,2.123153767832111,1.153033415512948
0.050447442774460144,1,1.1008948855489202,-0.8118533203024678
0.7520341591968671,1,2.5040683183937342,0.8612577376071151
0.2620199762396622,1,1.5240399524793244,2.574857013316028
-0.13473706324131265,1,0.7305258735173747,2.650587553083932
-0.3022884430935042,0,0.39542311381299156,-0.2906110847249148
2.3250550158755865,0,5.650110031751173,-0.046862811862824864
1.5349462740315112,0,4.069892548063022,0.9082795597829886
0.4955050980952219,1,1.9910101961904438,2.2804580108878265
0.07846389344841469,1,1.1569277868968293,0.783709607520165
0.5381325493534344,0,2.0762650987068687,-0.48545362138569287
0.826834717872908,0,2.653669435745816,-1.5667979574849835
0.41882668570450926,0,1.8376533714090186,0.23294177212022005
-0.7513801233865582,0,-0.5027602467731165,-0.09191682206947607
1.7845107677245104,0,4.569021535449021,-0.43784617911268076
0.24620822775401915,1,1.4924164555080384,0.49060165994564975
2.0139300303898144,1,5.027860060779629,4.1273292074861985
0.18714748687733387,1,1.3742949737546677,1.9926718942613675
-0.24565335212553394,1,0.5086932957489321,1.390356944157979
1.3841401240464637,1,3.7682802480929274,3.4411640918023108
0.30118695807776713,1,1.6023739161555342,1.169894342909155
0.13342263450928954,0,1.266845269018579,-0.8536480466142033
-1.2003642056425943,0,-1.4007284112851885,0.936820043574258
0.6602178051358282,0,2.320435610271656,0.03099576965590698
-0.4933103829559084,1,0.0133792340881832,0.3812802134154484
-0.44779120907397435,1,0.1044175818520513,0.4628877119455142
-0.49054884540517174,1,0.01890230918965652,-0.28879931134428033
0.4390338346953026,1,1.8780676693906053,0.7127075695471836
-1.53537627357569,0,-2.07075254715138,-0.9961331556859195
-0.2108453427258072,1,0.5783093145483855,1.7061948471958368
0.9802789911093779,1,2.9605579822187558,2.234873667368184
-1.2456688693400075,1,-1.491337738680015,-1.9017000584283656
0.1728789609345851,1,1.3457579218691702,0.21136738649796016
-0.6313994202708345,1,-0.262798840541669,-1.4788653594680758
-0.40369311946563347,0,0.19261376106873307,-0.7691649970287228
1.655152260389907,0,4.310304520779814,1.6884071842444588
-1.6504891835450084,1,-2.300978367090017,-1.6429409758975877
0.7656303381716163,1,2.5312606763432326,2.0044718049196097
-0.4779282687772126,0,0.044143462445574766,1.0828767945519953
-0.5276639851456674,1,-0.05532797029133474,-0.20762684358778125
-1.1115623424882672,1,-1.2231246849765345,0.13121536201530404
0.7538996372736357,0,2.5077992745472715,2.211730350396213
-0.19140461628401628,0,0.6171907674319674,1.0281617392661913
-0.31766941379465224,0,0.3646611724106955,0.09455095522257738
0.10983692920407466,0,1.2196738584081492,0.6993098735163596
-0.17028712574180055,0,0.6594257485163989,0.015071219282212108
-2.0006878797535244,0,-3.0013757595070487,-1.8359983639750426
-0.4908241829773584,0,0.01835163404528317,-0.6546254142120443
0.8954408909483242,1,2.7908817818966485,1.8392901862434314
-1.5066164641123085,1,-2.013232928224617,-2.6900239700554898
-1.0899378998563547,1,-1.1798757997127094,0.6137956329267347
-0.4267913953985256,1,0.14641720920294876,1.2685669520576073
-0.725623418637142,1,-0.45124683727428394,-0.010362035832636729
-0.027885482141608037,1,0.944229035716784,1.756571986168142
-1.0930767516787407,1,-1.1861535033574815,-3.078266989263337
-0.38785452380937296,0,0.22429095238125407,0.7281837130895294
-0.04799453159933417,1,0.9040109368013316,1.8436352530034994
0.648940416207971,1,2.297880832415942,0.05813364472865912
1.244789386099596,0,3.489578772199192,0.765236753779399
-0.2615471538534398,0,0.4769056922931204,-1.4240736426670855
1.8880602412458256,1,4.776120482491651,2.8061151260456185
-0.18390458054452405,0,0.6321908389109518,1.3263182168595784
0.8288751482565312,0,2.657750296513062,-1.0070490476123422
1.931507734726779,1,4.863015469453558,4.14706873006918
0.13930840923593518,1,1.2786168184718703,2.2682213612292155
-1.3735266215775355,1,-1.747053243155071,-2.052291515407472
0.09090385720763113,1,1.1818077144152623,1.00164234068618
-0.6116428882049108,1,-0.2232857764098215,-0.42537268284775076
-0.27443202697245206,0,0.4511359460550959,0.3475987709747856
1.984976882495215,1,4.96995376499043,4.743619348599754
-1.2227634232238758,0,-1.4455268464477515,0.11412607435910055
0.30046682230585875,1,1.6009336446117175,1.0973755191990116
-0.8777212803217245,0,-0.755442560643449,0.35181958987936196
-0.3076579412009145,0,0.384684117598171,0.31384303190456736
0.7448423352044837,0,2.4896846704089675,1.8978858376841823
0.31816394347302285,1,1.6363278869460456,1.255076937272343
-0.2250322689615891,1,0.5499354620768218,0.36576994427184184
-0.649800325264628,0,-0.2996006505292561,0.23882432593704137
0.31607819215361427,0,1.6321563843072284,0.9644356443147198
1.7076867171533705,1,4.415373434306741,3.3237882811295396
-0.9013519426236237,1,-0.8027038852472475,-0.6991273634721795
1.9116638854577725,0,4.8233277709155455,-2.507826036055067
1.1994974507251512,0,3.3989949014503025,-0.2715319167223954
1.3693533675777672,0,3.7387067351555343,1.072727030099361
0.30843238092960135,1,1.6168647618592027,0.8907223255118845
1.1711297755098944,0,3.3422595510197888,0.17683761528531186
-1.0088312824506263,0,-1.0176625649012525,-0.5289055743836021
-0.6680439078485115,0,-0.33608781569702306,-0.8594021977336828
0.7658138139203924,1,2.531627627840785,3.5031136261088864
0.29584505522381627,1,1.5916901104476326,0.5464314206019789
-0.14837925849776917,1,0.7032414830044617,0.9962067768675548
-2.502608890607422,1,-4.005217781214844,-3.696866160448685
-0.43547404803817114,1,0.12905190392365773,-0.722747613114966
-1.1740537802982656,0,-1.3481075605965311,0.15568525695762853
0.4935343113115024,1,1.9870686226230048,1.0521207851550276
-0.19116852856723568,0,0.6176629428655287,0.5217918749091581
-0.6283005441665047,1,-0.25660108833300943,-1.5715468029759032
2.642910482624304,1,6.285820965248608,5.9462154620567675
1.038174476694235,1,3.07634895338847,2.82357729373057
1.0558721413560594,1,3.111744282712119,4.224699620922789
2.202215144682173,1,5.404430289364346,5.544473361076238
0.8021917826831093,1,2.6043835653662186,3.5593970554782777
-0.7709540094728657,0,-0.5419080189457315,0.5546910484898788
-0.8878963516917364,1,-0.7757927033834728,-0.22748970248771416
0.9649027587542348,0,2.92980551750847,-0.33193319023006784
-2.0593542797751767,1,-3.1187085595503534,-2.0978026760254673
-0.07777963100956568,0,0.8444407379808686,-0.3561704093020026
-2.171124377556448,0,-3.3422487551128963,-1.7298254799301076
0.09884350838950627,1,1.1976870167790126,0.9828998483121196
0.8540702507119534,0,2.708140501423907,0.45347640464406813
0.2794155346036323,0,1.5588310692072644,-1.6066257187128132
0.9381093589705979,1,2.876218717941196,1.9911163592208099
1.9648269416599147,1,4.92965388331983,3.699065443142474
-0.14353843726200877,0,0.7129231254759825,0.7867171047089635
2.807650783278881,1,6.615301566557762,8.288164203570258
0.21266995617015463,1,1.4253399123403092,1.2156407581270927
0.9491650626903594,1,2.8983301253807188,3.4298604884489783
-0.6110627145650674,1,-0.2221254291301349,0.28339393676958846
1.619313979630682,0,4.238627959261364,1.5537969464399615
1.0417101985426294,0,3.0834203970852587,-0.6525529039526069
1.4714513025679976,0,3.942902605135995,-0.2198789647583243
0.05450442177395479,0,1.1090088435479095,-0.3407686494240583
-1.2554175643832894,0,-1.5108351287665789,0.0753672400402629
0.46039743962540614,0,1.9207948792508123,2.5043168021168087
-1.697019813323516,1,-2.394039626647032,-2.3632285114497185
-0.3361858036219523,1,0.32762839275609545,-0.5270822598509646
0.19108043663225074,1,1.3821608732645014,0.22766364637138237
2.3772242925107676,0,5.754448585021535,1.2526450073130468
0.3185486119419406,0,1.6370972238838812,-0.859254503978079
0.13953746908303855,1,1.279074938166077,1.9426618973651726
-0.06303242403529245,0,0.8739351519294151,-0.6796913292586281
-1.3420909047650176,1,-1.6841818095300352,-2.950874546113207
0.08582584001300768,1,1.1716516800260153,1.7768512803278365
0.10288267613677246,0,1.205765352273545,-0.6307448667635317
-0.9686084954537172,0,-0.9372169909074344,0.4254256392388936
-1.1867456144283648,0,-1.3734912288567296,0.49928294084604374
-0.4815706827677333,0,0.03685863446453341,0.5462652450124685
0.06493297857269315,0,1.1298659571453862,-0.2681486839431865
-0.45755418138145815,0,0.0848916372370837,0.6861835565047075
-1.0508754496515214,1,-1.1017508993030427,-2.0242972277511257
0.2892722520043055,0,1.578544504008611,-2.4540902510641343
0.5388668241692289,1,2.077733648338458,2.7846258214585657
0.12129770922223503,0,1.24259541844447,0.1655905048374698
-0.5629827138769334,0,-0.12596542775386688,-0.6100782440139709
0.5948410212322585,0,2.1896820424645167,-1.471152761975045
-0.1905372897269811,0,0.6189254205460377,-2.036578298835343
-1.1890837073451495,0,-1.378167414690299,0.05174334820897214
1.0362443550013984,0,3.072488710002797,1.6487859657299524
0.35350801926648995,0,1.7070160385329798,-0.13855741643097982
-0.11929030569573905,0,0.7614193886085219,-0.3613353866915454
-1.571052204834725,1,-2.14210440966945,-2.1664722521652933
-0.7448602791352117,1,-0.4897205582704234,1.6894845536383465
2.018565712382927,0,5.037131424765854,0.7519042266531333
-1.508342061880697,0,-2.016684123761394,-0.9335752517003891
-0.25134927964169246,1,0.4973014407166151,0.5254053446187182
-0.016335762353619776,1,0.9673284752927604,1.2997653864477012
0.32047678941155466,1,1.6409535788231093,0.5846147122442644
-1.497170935826414,0,-1.994341871652828,0.7591366223425595
0.1741762564046003,0,1.3483525128092007,-0.8178087971443536
-1.6861054624716796,1,-2.372210924943359,-3.88315669228343
0.09742879619551134,1,1.1948575923910227,1.270991146230801
-0.6523979190095822,0,-0.30479583801916443,-0.08215585949035527
-0.86586926691781,1,-0.7317385338356199,-0.7327604360383145
0.8348171586675873,0,2.6696343173351744,-0.7646446176627879
-0.2356062433638822,0,0.5287875132722356,-0.6251126178710412
0.47371080490757167,0,1.9474216098151433,1.128446660369111
0.5068269113778175,0,2.013653822755635,0.4410856150007483
1.269953488955102,1,3.539906977910204,2.5831609013329193
-1.2082577416210247,1,-1.4165154832420495,-3.367212377662157
0.9190156625197566,1,2.8380313250395135,1.9236149229273034
0.016461622438046965,0,1.0329232448760939,0.15729907216019046
-0.3781245803695937,0,0.24375083926081265,-0.6319317183544417
-1.1492505191902824,0,-1.2985010383805649,-0.7096502051768208
0.6065908615428615,0,2.213181723085723,-0.5891604389306629
-0.9222245213338851,1,-0.8444490426677702,-0.9171566054040581
0.5178065869771429,0,2.0356131739542858,0.7846279129583488
1.927830772967132,1,4.8556615459342645,4.855242341988571
0.9799770403593283,1,2.9599540807186564,3.021891102236307
1.391434325150649,0,3.782868650301298,-0.2248603638828204
-0.7190047772250318,1,-0.4380095544500635,-0.9373663866048025
0.762733046131995,0,2.52546609226399,0.8942408713199297
-1.1442149551363905,1,-1.288429910272781,-0.5460278424285848
-0.23348290257461402,1,0.533034194850772,2.5783141125168223
1.74127205621912,0,4.48254411243824,0.6105642983892529
-0.6078422064264841,0,-0.21568441285296824,-0.49841432180746315
1.1113561841730932,1,3.2227123683461865,2.3180610592359967
1.015646732999715,0,3.03129346599943,0.9529452607116164
1.074741250220838,1,3.149482500441676,2.3344956161315658
-1.2670019761212727,0,-1.5340039522425455,0.8097366865220711
0.5252009660156798,1,2.0504019320313596,1.2904879381387455
-0.1565985659168632,1,0.6868028681662737,1.0359612519535542
1.0884968575291116,1,3.1769937150582233,2.117242500191861
-1.6550003997268452,0,-2.3100007994536904,0.7798853543320815
0.3677878890656031,0,1.7355757781312062,-1.233671655509249
0.22637520284006693,0,1.452750405680134,0.2729573295067017
-1.9901167372489352,1,-2.9802334744978705,-3.1780734087248823
-0.8854203560949772,0,-0.7708407121899543,0.10180643722625989
-1.830152213116851,0,-2.660304426233702,-0.395803834161634
-0.7263553019229068,1,-0.4527106038458135,-0.8719705512168048
0.5492170846651476,0,2.0984341693302953,0.15478120400977172
0.19536557564860751,1,1.390731151297215,0.3885927732073631
0.16940008059354883,1,1.3388001611870977,0.33077809952042103
-1.0397481089313825,1,-1.079496217862765,-1.4380457175011767
1.1204504915105322,0,3.2409009830210644,-0.39747013971900746
-0.018819678361340055,0,0.9623606432773198,-1.0053964638043744
0.033703812257508486,1,1.067407624515017,1.9916223174296817
0.9403995689461305,0,2.880799137892261,-0.33447341843160483
-0.9913457476925386,1,-0.9826914953850772,-1.2093536983811886
0.22854776987192307,1,1.457095539743846,0.12956721377429958
0.4234624916014198,0,1.8469249832028396,2.0716358546121194
-0.5455681502938481,1,-0.09113630058769617,2.3359310949672167
0.6523733807597761,1,2.304746761519552,1.524348183115204
0.4771231706295671,1,1.9542463412591342,3.180332722428232
-0.10117671227742538,1,0.7976465754451493,0.7058331917075589
-0.13215089013486198,1,0.735698219730276,2.3394678125433823
0.5235476578713052,0,2.0470953157426104,0.33623308640038635
0.7884710400131903,1,2.576942080026381,2.6767042487937798
0.06289991740664036,0,1.1257998348132807,-2.499269539618582
1.120189460406847,1,3.240378920813694,2.361772947387011
0.6585259624305833,0,2.3170519248611665,0.020520669574942613
-1.788463949726815,0,-2.57692789945363,0.19866625270397825
-1.4048966975421424,0,-1.8097933950842848,-1.2148337139373846
1.1822352190216612,0,3.3644704380433224,-0.7287715286762789
-0.24677313147089774,0,0.5064537370582045,0.5534470172508195
0.16417582279747392,1,1.3283516455949478,-0.054859084138409786
1.1392905176591448,0,3.2785810353182896,0.13372972372353936
-0.00641121737184105,1,0.987177565256318,2.2251310967453732
0.03726760958934884,0,1.0745352191786977,0.3854696291118207
-0.8687292327917286,0,-0.7374584655834573,0.335486743165977
0.3699945072275205,0,1.739989014455041,-2.0201514491777637
0.5865122189668235,0,2.173024437933647,-0.8219127764178962
-0.5778818370028561,0,-0.15576367400571223,2.05420183359104
-0.9220213783058668,1,-0.8440427566117337,-1.4432046741576658
2.6262892551952284,0,6.252578510390457,1.2644762095470679
-0.09290846984828297,1,0.8141830603034341,0.20334217094715135
-0.6836923396092914,0,-0.36738467921858287,-0.2778205015094632
0.7065864452922617,1,2.4131728905845233,2.928759735938042
-0.05079403522789195,0,0.8984119295442161,0.10069301599400954
-1.0857663232621029,1,-1.1715326465242057,-0.7900201955231259
0.4830535716514451,0,1.96610714330289,-0.8183902547269871
-0.8531209690758187,0,-0.7062419381516374,-1.1362701894687566
1.5764580021556338,1,4.152916004311267,3.267044389920766
0.4945046297524024,1,1.9890092595048048,1.4566911180424382
-0.2768804245260839,0,0.4462391509478322,-0.22928138205741125
0.10934701802211301,0,1.218694036044226,1.0372753806398205
0.9032881210981933,1,2.8065762421963867,2.8939176982214345
0.18596125356079854,0,1.371922507121597,0.48459710250858473
2.1221094572335484,0,5.244218914467097,0.14160101258013216
1.1358675163955245,1,3.271735032791049,2.1563007792622733
0.4876073675611219,1,1.9752147351222438,1.9924842611278928
-0.9369858735084841,0,-0.8739717470169681,0.13078211019153604
-0.14688810390199103,1,0.7062237921960179,1.4661470135373253
0.47887497005245266,0,1.9577499401049052,-1.068588069643465
-0.8228614157581384,0,-0.6457228315162769,-2.0404108651483606
1.2934268749629496,0,3.5868537499258992,0.17626381517049736
-0.9741573417780406,1,-0.9483146835560812,-0.5944646819677011
-0.6372256980459021,0,-0.27445139609180425,-0.1793848063170476
-0.5622991848948815,0,-0.12459836978976302,0.02802090072679107
0.743824460633133,1,2.487648921266266,3.366421299849071
-0.804936367170773,0,-0.609872734341546,-0.4588055765275088
-1.799976570419055,1,-2.59995314083811,-2.878593982996689
1.0880388357617128,1,3.1760776715234256,3.2551141161372574
-0.4443862851055618,1,0.11122742978887645,-1.1085872493804663
-1.0685076321519371,0,-1.1370152643038742,-0.15189722504775438
-0.75485855320254,1,-0.5097171064050801,-0.5734604237392861
1.7167627491843505,1,4.4335254983687005,6.070567712688975
-0.6570436972729109,0,-0.3140873945458218,-0.29811565762846065
-0.12336810537690149,0,0.7532637892461971,0.20001123994446707
-0.4469183622860159,0,0.10616327542796822,0.9186176053897422
-1.2326625434337564,0,-1.4653250868675127,-0.8374847253104282
-0.7427185622469633,1,-0.4854371244939266,0.8903032623822396
-1.3011084070064949,1,-1.6022168140129898,0.16165341804428812
0.955881275680714,0,2.911762551361428,-0.028896287648675207
0.10087906461359576,1,1.2017581292271915,0.6623320677678114
2.4826777621743212,0,5.9653555243486425,1.627119424390388
-0.7089107249905892,1,-0.4178214499811783,0.3778094227869697
-0.8588602461456195,0,-0.717720492291239,0.08196920466383607
1.5337597683553288,0,4.067519536710657,1.4268438196157025
1.0579770320681348,0,3.1159540641362695,1.3209921885493194
0.384765021771022,1,1.769530043542044,1.4332730895838215
-1.1136915150882716,0,-1.2273830301765432,0.24872985329914984
1.744996267727934,0,4.489992535455868,0.5767924879259563
-0.07210315977034798,1,0.855793680459304,0.8845237103471554
-0.4306751284950358,1,0.13864974300992838,-1.252220847894352
1.1429597369182798,1,3.2859194738365596,2.347659970138313
-0.02229512125372992,1,0.9554097574925402,-0.40285302796768696
-1.1656700856318827,1,-1.3313401712637654,-0.8384158682397613
0.04030259949858179,1,1.0806051989971637,-0.10374711812658055
-0.7813488015707639,1,-0.5626976031415278,-0.37027953232409766
-3.0093411426831738,1,-5.0186822853663475,-3.1867784590911903
-0.881710192150132,1,-0.763420384300264,0.6643498006118822
-0.5277355708678508,0,-0.05547114173570167,-1.8374166469339788
-1.155645109293048,0,-1.311290218586096,-1.2787014707710063
0.5752465321140376,0,2.1504930642280753,-0.7765164241798583
-0.7774477573287817,1,-0.5548955146575634,-1.7239192038769309
0.47842620083445625,1,1.9568524016689124,0.30303802434717886
-1.2333197363683148,1,-1.4666394727366296,-1.4774798124618702
0.9092189210825384,1,2.8184378421650766,3.5235383915816407
-1.2764825266664916,0,-1.5529650533329833,0.9540340387228873
-2.341530409391073,1,-3.6830608187821463,-4.157536989525956
1.2372625851632273,0,3.4745251703264546,-0.2719037003155916
-0.8558938037311713,0,-0.7117876074623426,0.3556772451247554
1.7569290581994084,1,4.513858116398817,4.405372554559667
0.5645919012080699,1,2.12918380241614,2.939790578511942
0.7902633183812532,1,2.5805266367625066,3.01089149959702
1.0454725004660728,0,3.0909450009321455,-0.3763044235140291
0.11267934624906932,1,1.2253586924981386,-0.6312776191553047
0.12405541783853893,0,1.2481108356770778,1.4990316054819934
1.2813400241943087,1,3.5626800483886174,2.8765977589442957
0.11135849569809807,0,1.2227169913961962,0.35755864573026036
-0.7281768467966099,1,-0.45635369359321976,-2.3729453623123176
0.5857585601622236,0,2.171517120324447,-0.011316583385804865
-2.113643414384952,0,-3.2272868287699037,0.10026196086219899
1.3195588015602138,1,3.6391176031204275,3.7877196756680895
1.3404391359650916,1,3.680878271930183,6.694671554648179
1.198166668123079,1,3.396333336246158,2.765214962452725
1.1597719623776943,1,3.3195439247553886,4.1402081517120815
-0.08417532534112314,1,0.8316493493177537,1.354881801527131
-0.10668238449302246,1,0.786635231013955,0.10799623834636884
-1.2296400897708561,0,-1.4592801795417123,0.8056694031809298
1.7480412517110477,0,4.4960825034220955,-0.1643209369308024
-0.4850181730262778,1,0.02996365394744438,0.9052068715241631
0.3398853097518809,0,1.6797706195037618,1.9609626234217143
0.2540452829547781,0,1.5080905659095563,0.15079889063409982
-1.3404191816041564,0,-1.6808383632083128,-0.28112522906845117
-1.7446750241232056,0,-2.4893500482464113,1.051556183810413
0.005586620867348287,1,1.0111732417346966,2.407826407669038
-0.45375611761150897,0,0.09248776477698206,-0.8832575393920493
-0.08943685924333519,0,0.8211262815133296,-0.4529570895380753
1.0654156302032325,1,3.130831260406465,3.806254532247727
0.2249441505370227,1,1.4498883010740453,1.3178562906593259
0.7585225407647307,1,2.5170450815294614,1.5627130685426744
0.44532816217557747,0,1.890656324351155,0.5406948278953948
-0.31633419323983175,0,0.3673316135203365,0.6714897157067725
-1.0018031671930638,0,-1.0036063343861277,-0.3343857558969754
0.2647178681134684,0,1.5294357362269368,0.061348765331236746
0.08389261934609128,0,1.1677852386921825,-0.5765730689461193
0.9151563375047472,1,2.8303126750094947,1.735075249097522
-0.15090006972249295,1,0.6981998605550142,0.20113525392682763
-0.29734154511552263,1,0.40531690976895474,0.4792492599448615
-0.22949938378159987,1,0.5410012324368003,-0.9340879890324962
-0.9187266350054458,1,-0.8374532700108916,-1.2614662012630504
1.4469099448204576,1,3.8938198896409153,3.981650020233654
1.1396287546157615,1,3.279257509231523,4.473917419356391
-1.2130298289580468,1,-1.4260596579160936,-1.7386520127166247
0.8039481419725495,0,2.6078962839450988,-1.2459023501092221
-1.8450050639323654,0,-2.690010127864731,-0.20966001269772902
0.9852892331110225,1,2.9705784662220447,2.4040091621319544
-0.6963504511076755,0,-0.3927009022153509,0.5521785550573635
0.3599005576782514,1,1.719801115356503,1.3818957889942738
-1.929509689541672,1,-2.859019379083344,-5.569586000662614
-1.1987042316779504,1,-1.3974084633559007,2.294216037841904
0.46870296724940946,0,1.9374059344988188,0.14236329159092967
-0.7009081833827803,0,-0.40181636676556054,0.08919151030857912
-0.8399628703721986,0,-0.6799257407443973,-1.541409971997032
1.3958616974520976,1,3.7917233949041953,2.3271541289425834
2.2109592112728746,0,5.421918422545749,-0.09194895767303232
0.9370139368194832,1,2.8740278736389664,3.210199205950606
-1.0918805717350637,1,-1.1837611434701274,-0.48164700429337515
1.7635193328176995,1,4.5270386656353985,4.764476322953659
-1.5614322596483823,1,-2.1228645192967646,-3.308806722464899
-0.30449145407532596,1,0.3910170918493481,-2.113449517230701
0.054777766987373216,0,1.1095555339747465,-0.10022234937820518
1.9240378438387487,1,4.848075687677497,4.314101017068369
0.9126591375517253,0,2.8253182751034505,-1.262571724112285
-0.4637576947995197,0,0.07248461040096055,0.8280582241056257
-0.9449562707797498,0,-0.8899125415594995,-1.5755767491799884
1.0021926538032544,1,3.004385307606509,3.6213541470630917
-0.5333589572203554,0,-0.06671791444071085,-1.4101379750174814
0.21674008786497506,1,1.43348017572995,1.567568861313281
-1.3697764892591155,1,-1.739552978518231,-0.8055786564996092
0.5692578552242005,1,2.138515710448401,1.8005823948461268
0.4886951457474786,0,1.9773902914949573,1.6899198345068216
-1.2416200616581716,1,-1.4832401233163433,0.43464620227716066
1.0316231128716402,1,3.0632462257432804,3.300421225762936
0.5547458082427816,0,2.1094916164855633,0.5413853705902731
0.7400242527800979,1,2.4800485055601955,3.540757371876715
-0.3786786927501306,0,0.24264261449973878,0.5444263724854896
0.17895641128644235,1,1.3579128225728847,1.7951560401714286
0.06337886886532422,1,1.1267577377306484,0.6026883349545605
-0.14817040475422985,0,0.7036591904915404,-1.6873561751777122
0.17050327816584582,0,1.3410065563316915,-1.390095413249477
1.2564429737963825,1,3.512885947592765,5.8952533063542845
1.0749506387039267,0,3.1499012774078534,0.3224589578050005
-1.1818606774688567,0,-1.3637213549377134,-0.24568348139133142
0.9854018169069396,1,2.9708036338138792,4.2341308929317885
1.1911433727480354,1,3.382286745496071,2.632828772634241
-0.15117767335236626,1,0.6976446532952675,1.2807529207084554
0.5084471037977766,1,2.016894207595553,2.094086241155591
0.49400166730301776,0,1.9880033346060355,0.46002750110360247
-0.8499666166743012,1,-0.6999332333486024,-1.036343102642459
-0.38195628752832805,1,0.2360874249433439,-0.7286068823470365
0.7508102388516071,0,2.5016204777032143,-0.822871073139642
-0.49582223683145116,1,0.008355526337097685,-0.7755286759231996
0.9754995592623076,1,2.9509991185246154,2.9480288062024598
1.3049724408497614,0,3.6099448816995228,-1.556135180473943
1.1436718419804708,1,3.2873436839609416,2.039915068938849
1.9798046031694567,1,4.9596092063389134,5.095133503868116
-0.09073228229111252,0,0.818535435417775,-0.12767504441391503
0.17720107396906296,1,1.3544021479381259,1.5446336821948243
0.3206630477626402,1,1.6413260955252804,1.5962825611921716
-0.06039792499073846,1,0.879204150018523,3.3981543569067365
0.5421789741016444,0,2.084357948203289,0.1267384339908734
-1.711204029011989,0,-2.422408058023978,-0.3790796494872758
0.20490538869251923,0,1.4098107773850383,0.10113178536150971
-1.3774366498828958,1,-1.7548732997657916,-0.7349182572554618
-0.962623277607578,1,-0.9252465552151561,-0.974874944592621
0.7328898110299136,0,2.465779622059827,0.6847283586362458
-0.19911623844902007,0,0.6017675231019599,0.39604596440221623
0.6976144747158062,0,2.3952289494316124,-0.29041557684264424
-0.22077660360113002,1,0.5584467927977399,0.6693225916796918
1.1064063163911557,1,3.2128126327823114,4.811734746974388
-0.2390807056213034,0,0.5218385887573932,0.24307829503796438
-1.9549184895631233,0,-2.9098369791262466,-0.9860210241710705
0.22539258201127074,0,1.4507851640225415,-0.3195104271328753
-2.168859845702551,0,-3.337719691405102,-2.1142472497328053
-1.4527209025324075,1,-1.905441805064815,-1.7680430983119348
-0.8829465289985701,0,-0.7658930579971401,1.3120623437828138
-1.0077094777701874,0,-1.0154189555403748,-1.341405768133854
-0.5450508044162853,1,-0.09010160883257057,0.05963112567547854
-1.0420678235311058,1,-1.0841356470622117,-0.09870384119292486
-1.4059526635856727,1,-1.8119053271713454,-0.7207666939748612
1.541835744840774,1,4.083671489681548,5.3634726619573785
-0.6781445463918958,1,-0.3562890927837916,-2.2245429241292953
-2.2307676531473977,1,-3.4615353062947953,-2.9566043516829854
-0.36091837300925717,1,0.27816325398148567,-1.2274019311131195
-1.1247310580275538,1,-1.2494621160551076,-2.2477942526275787
-0.8849676272928133,1,-0.7699352545856266,0.05118700502287954
0.710342481352485,0,2.42068496270497,0.15804712185161696
-0.44815761878521787,0,0.10368476242956426,0.7263360742393737
-1.1525966012178852,0,-1.3051932024357704,-0.9291166048016984
0.4462535099572446,1,1.8925070199144893,3.3661101300773657
1.1499408306090857,1,3.2998816612181714,3.988215595059222
0.5368721626398448,1,2.07374432527969,2.9630424445731496
-2.4535555716504254,0,-3.9071111433008507,-1.080166776115136
-1.114989502397014,0,-1.229979004794028,1.1714012402126184
0.04744853063620506,1,1.09489706127241,0.7787354846320071
-0.2442994052640153,0,0.5114011894719694,-0.6112262701453908
-0.32727515393919654,0,0.3454496921216069,0.6254635400456616
-0.982756692840834,1,-0.965513385681668,-0.38230161089372905
-1.4055840830774398,0,-1.8111681661548795,-0.8468188477573376
2.00778171781302,0,5.01556343562604,2.05630101019252
0.027110953138911875,0,1.0542219062778238,1.8143505763897747
0.6421217888674178,0,2.2842435777348356,0.6050351408117692
0.0062511735838089956,1,1.012502347167618,1.4429057698993062
0.046348698637989585,0,1.0926973972759793,0.3297862262602962
-0.06210339980928747,0,0.875793200381425,-1.5499966260186715
-1.1204458590744322,0,-1.2408917181488643,0.11280738792146285
-1.5144894580342476,1,-2.0289789160684952,-1.929437334172747
0.38622537374498683,0,1.7724507474899736,-0.5760116862383812
0.1878424072711665,0,1.375684814542333,-0.30934917200158435
0.9382808984597072,0,2.8765617969194146,-2.3812923947154725
0.7353608266420265,0,2.470721653284053,-1.097272930124991
-0.8085121927496709,0,-0.6170243854993418,0.9218262915072898
1.1325913089218718,1,3.2651826178437435,4.996379519483105
0.7650271951545172,1,2.5300543903090347,1.5866737050132635
0.690841569857335,1,2.38168313971467,2.5645317946906085
2.2493267919788087,1,5.498653583957617,6.597035913354935
2.043958762508188,0,5.087917525016376,-0.520215025894754
0.6899137665548859,1,2.379827533109772,3.0560757103443876
0.5651972058375297,0,2.1303944116750593,-0.033789695580160206
1.0816551817696805,1,3.163310363539361,4.35371235196471
-0.5839537696703713,0,-0.16790753934074254,-1.2824507396686233
-0.5698292575910502,1,-0.13965851518210037,-1.2442351439497537
0.6734214070919132,1,2.3468428141838267,2.6263819831266377
